Resistance,Thumb,Index,Middle,Ring,Pinky,,,,,,
Straight resistance,142147.5938,54465.17578,50822.67969,54515.07422,148985.4219,,,,,,
Bend resistance,250800.9063,148724.6563,117377.625,116911.2734,334179.2813,,,,,,
A,67,2,3,2,1,0.148355,5.854041,7.172486,0.32498,0.270002,-2.289523
A,67,2,3,0,1,0.148355,5.854041,7.172486,0.32498,0.270002,-2.289523
A,65,3,3,0,1,0.148355,5.854041,7.172486,0.32498,0.270002,-2.289523
A,66,2,3,0,2,0.148355,5.854041,7.172486,0.32498,0.270002,-2.289523
A,66,2,3,0,2,0.148355,5.854041,7.172486,0.32498,0.270002,-2.289523
A,66,2,3,1,1,0.148355,5.854041,7.172486,0.32498,0.270002,-2.289523
A,65,3,3,0,1,0.148355,5.854041,7.172486,0.32498,0.270002,-2.289523
A,65,2,1,0,1,0.148355,5.854041,7.172486,0.32498,0.270002,-2.289523
A,65,2,4,1,2,0.148355,5.854041,7.172486,0.32498,0.270002,-2.289523
A,64,1,3,-1,2,0.148355,5.854041,7.172486,0.32498,0.270002,-2.289523
Straighten your fingers,,,,,,,,,,,
Recording starts in 2s,,,,,,,,,,,
Do A,,,,,,,,,,,
A,56,2,6,4,7,-3.208775,8.6345,2.35693,0.037874,-0.003665,0.009774
A,55,2,4,3,5,-3.208775,8.6345,2.35693,0.037874,-0.003665,0.009774
A,57,2,5,5,6,-3.208775,8.6345,2.35693,0.037874,-0.003665,0.009774
A,55,2,4,3,4,-3.208775,8.6345,2.35693,0.037874,-0.003665,0.009774
A,55,2,5,4,5,-3.208775,8.6345,2.35693,0.037874,-0.003665,0.009774
A,53,3,5,3,6,-3.208775,8.6345,2.35693,0.037874,-0.003665,0.009774
A,55,2,3,4,6,-3.208775,8.6345,2.35693,0.037874,-0.003665,0.009774
A,53,3,5,2,5,-3.208775,8.6345,2.35693,0.037874,-0.003665,0.009774
A,57,2,5,4,6,-3.208775,8.6345,2.35693,0.037874,-0.003665,0.009774
A,55,2,4,3,6,-3.208775,8.6345,2.35693,0.037874,-0.003665,0.009774
Straighten your fingers,,,,,,,,,,,
Recording starts in 2s,,,,,,,,,,,
Do A,,,,,,,,,,,
A,57,2,4,3,5,2.525624,6.058627,7.994421,0.260229,0.113621,0.276111
A,56,2,6,3,5,2.525624,6.058627,7.994421,0.260229,0.113621,0.276111
A,56,3,5,4,6,2.525624,6.058627,7.994421,0.260229,0.113621,0.276111
A,56,3,6,3,6,2.525624,6.058627,7.994421,0.260229,0.113621,0.276111
A,58,3,5,4,6,2.525624,6.058627,7.994421,0.260229,0.113621,0.276111
A,58,3,4,3,4,2.525624,6.058627,7.994421,0.260229,0.113621,0.276111
A,56,2,3,3,4,2.525624,6.058627,7.994421,0.260229,0.113621,0.276111
A,56,3,5,4,5,2.525624,6.058627,7.994421,0.260229,0.113621,0.276111
A,56,2,4,3,6,2.525624,6.058627,7.994421,0.260229,0.113621,0.276111
A,56,3,4,4,5,2.525624,6.058627,7.994421,0.260229,0.113621,0.276111
Straighten your fingers,,,,,,,,,,,
Recording starts in 2s,,,,,,,,,,,
Do A,,,,,,,,,,,
A,57,3,6,3,6,1.941776,5.273781,7.785048,-0.141721,0.062308,-0.145386
A,53,3,5,4,6,1.941776,5.273781,7.785048,-0.141721,0.062308,-0.145386
A,58,1,5,3,6,1.941776,5.273781,7.785048,-0.141721,0.062308,-0.145386
A,58,2,5,3,6,1.941776,5.273781,7.785048,-0.141721,0.062308,-0.145386
A,56,3,5,5,5,1.941776,5.273781,7.785048,-0.141721,0.062308,-0.145386
A,58,2,4,3,6,1.941776,5.273781,7.785048,-0.141721,0.062308,-0.145386
A,56,3,6,3,4,1.941776,5.273781,7.785048,-0.141721,0.062308,-0.145386
A,56,3,6,3,6,1.941776,5.273781,7.785048,-0.141721,0.062308,-0.145386
A,56,2,5,3,6,1.941776,5.273781,7.785048,-0.141721,0.062308,-0.145386
A,56,3,5,4,5,1.941776,5.273781,7.785048,-0.141721,0.062308,-0.145386
Straighten your fingers,,,,,,,,,,,
Recording starts in 2s,,,,,,,,,,,
Do A,,,,,,,,,,,
A,56,3,5,3,5,2.75055,4.584648,8.173882,-0.004887,-0.003665,0
A,56,2,6,3,5,2.75055,4.584648,8.173882,-0.004887,-0.003665,0
A,57,3,6,3,7,2.75055,4.584648,8.173882,-0.004887,-0.003665,0
A,56,3,5,5,6,2.75055,4.584648,8.173882,-0.004887,-0.003665,0
A,56,1,5,2,5,2.75055,4.584648,8.173882,-0.004887,-0.003665,0
A,55,3,5,4,6,2.75055,4.584648,8.173882,-0.004887,-0.003665,0
A,53,1,6,4,6,2.75055,4.584648,8.173882,-0.004887,-0.003665,0
A,56,3,5,4,6,2.75055,4.584648,8.173882,-0.004887,-0.003665,0
A,57,2,5,5,6,2.75055,4.584648,8.173882,-0.004887,-0.003665,0
A,57,3,5,1,6,2.75055,4.584648,8.173882,-0.004887,-0.003665,0
Straighten your fingers,,,,,,,,,,,
Recording starts in 2s,,,,,,,,,,,
Do A,,,,,,,,,,,
A,55,3,3,3,5,-0.356531,4.07737,8.853443,0.003665,0.004887,0.06353
A,55,3,5,4,5,-0.356531,4.07737,8.853443,0.003665,0.004887,0.06353
A,52,3,5,4,5,-0.356531,4.07737,8.853443,0.003665,0.004887,0.06353
A,55,3,4,3,6,-0.356531,4.07737,8.853443,0.003665,0.004887,0.06353
A,55,3,3,3,5,-0.356531,4.07737,8.853443,0.003665,0.004887,0.06353
A,55,3,4,3,6,-0.356531,4.07737,8.853443,0.003665,0.004887,0.06353
A,55,3,5,4,5,-0.356531,4.07737,8.853443,0.003665,0.004887,0.06353
A,52,3,5,3,5,-0.356531,4.07737,8.853443,0.003665,0.004887,0.06353
A,55,3,6,3,5,-0.356531,4.07737,8.853443,0.003665,0.004887,0.06353
A,55,3,5,1,5,-0.356531,4.07737,8.853443,0.003665,0.004887,0.06353
Straighten your fingers,,,,,,,,,,,
Recording starts in 2s,,,,,,,,,,,
Do A,,,,,,,,,,,
A,52,3,6,3,4,0.862613,3.78066,9.069994,0.041539,0.034208,0.014661
A,55,3,5,5,5,0.862613,3.78066,9.069994,0.041539,0.034208,0.014661
A,55,4,5,4,5,0.862613,3.78066,9.069994,0.041539,0.034208,0.014661
A,55,3,3,3,6,0.862613,3.78066,9.069994,0.041539,0.034208,0.014661
A,55,3,3,3,5,0.862613,3.78066,9.069994,0.041539,0.034208,0.014661
A,55,4,5,4,6,0.862613,3.78066,9.069994,0.041539,0.034208,0.014661
A,55,3,5,3,6,0.862613,3.78066,9.069994,0.041539,0.034208,0.014661
A,54,4,4,3,5,0.862613,3.78066,9.069994,0.041539,0.034208,0.014661
A,57,2,5,5,5,0.862613,3.78066,9.069994,0.041539,0.034208,0.014661
A,54,4,5,3,4,0.862613,3.78066,9.069994,0.041539,0.034208,0.014661
Straighten your fingers,,,,,,,,,,,
Recording starts in 2s,,,,,,,,,,,
Do A,,,,,,,,,,,
A,53,4,5,4,5,0.742971,4.108477,8.935996,0.004887,0.006109,0.006109
A,55,3,4,3,5,0.742971,4.108477,8.935996,0.004887,0.006109,0.006109
A,55,4,5,4,5,0.742971,4.108477,8.935996,0.004887,0.006109,0.006109
A,55,4,5,5,5,0.742971,4.108477,8.935996,0.004887,0.006109,0.006109
A,57,3,4,3,5,0.742971,4.108477,8.935996,0.004887,0.006109,0.006109
A,54,4,5,5,5,0.742971,4.108477,8.935996,0.004887,0.006109,0.006109
A,54,4,3,3,5,0.742971,4.108477,8.935996,0.004887,0.006109,0.006109
A,55,3,4,3,5,0.742971,4.108477,8.935996,0.004887,0.006109,0.006109
A,55,3,6,3,4,0.742971,4.108477,8.935996,0.004887,0.006109,0.006109
A,54,4,6,3,5,0.742971,4.108477,8.935996,0.004887,0.006109,0.006109
Straighten your fingers,,,,,,,,,,,
Recording starts in 2s,,,,,,,,,,,
Do A,,,,,,,,,,,
A,55,4,5,3,5,2.817549,4.511667,8.139186,0.015882,-0.001222,-0.008552
A,55,4,5,4,5,2.817549,4.511667,8.139186,0.015882,-0.001222,-0.008552
A,54,3,5,5,5,2.817549,4.511667,8.139186,0.015882,-0.001222,-0.008552
A,54,4,5,1,5,2.817549,4.511667,8.139186,0.015882,-0.001222,-0.008552
A,54,4,6,5,5,2.817549,4.511667,8.139186,0.015882,-0.001222,-0.008552
A,54,2,5,4,5,2.817549,4.511667,8.139186,0.015882,-0.001222,-0.008552
A,54,4,5,3,5,2.817549,4.511667,8.139186,0.015882,-0.001222,-0.008552
A,55,4,6,2,5,2.817549,4.511667,8.139186,0.015882,-0.001222,-0.008552
A,54,4,4,3,3,2.817549,4.511667,8.139186,0.015882,-0.001222,-0.008552
A,54,3,5,4,5,2.817549,4.511667,8.139186,0.015882,-0.001222,-0.008552
Straighten your fingers,,,,,,,,,,,
Recording starts in 2s,,,,,,,,,,,
Do A,,,,,,,,,,,
A,58,6,6,4,3,2.739782,4.789234,8.067401,0.025656,0.014661,0.030543
A,58,5,5,0,3,2.739782,4.789234,8.067401,0.025656,0.014661,0.030543
A,56,5,6,1,3,2.739782,4.789234,8.067401,0.025656,0.014661,0.030543
A,55,5,4,3,1,2.739782,4.789234,8.067401,0.025656,0.014661,0.030543
A,55,5,7,3,1,2.739782,4.789234,8.067401,0.025656,0.014661,0.030543
A,55,6,6,3,2,2.739782,4.789234,8.067401,0.025656,0.014661,0.030543
A,53,5,4,3,2,2.739782,4.789234,8.067401,0.025656,0.014661,0.030543
A,55,5,5,3,3,2.739782,4.789234,8.067401,0.025656,0.014661,0.030543
A,55,6,7,3,4,2.739782,4.789234,8.067401,0.025656,0.014661,0.030543
A,54,5,7,3,4,2.739782,4.789234,8.067401,0.025656,0.014661,0.030543
Straighten your fingers,,,,,,,,,,,
Recording starts in 2s,,,,,,,,,,,
Do A,,,,,,,,,,,
A,46,12,14,9,6,3.424129,4.584648,8.035098,-0.010996,0.00733,0.059865
A,50,9,7,4,5,3.424129,4.584648,8.035098,-0.010996,0.00733,0.059865
A,52,6,5,3,3,3.424129,4.584648,8.035098,-0.010996,0.00733,0.059865
A,51,7,8,3,4,3.424129,4.584648,8.035098,-0.010996,0.00733,0.059865
A,47,7,7,4,4,3.424129,4.584648,8.035098,-0.010996,0.00733,0.059865
A,49,7,7,4,5,3.424129,4.584648,8.035098,-0.010996,0.00733,0.059865
A,48,7,6,4,4,3.424129,4.584648,8.035098,-0.010996,0.00733,0.059865
A,47,7,7,4,4,3.424129,4.584648,8.035098,-0.010996,0.00733,0.059865
A,47,6,6,4,4,3.424129,4.584648,8.035098,-0.010996,0.00733,0.059865
A,44,6,8,4,4,3.424129,4.584648,8.035098,-0.010996,0.00733,0.059865
Straighten your fingers,,,,,,,,,,,
Recording starts in 2s,,,,,,,,,,,
Do A,,,,,,,,,,,
A,56,6,4,4,4,-0.332602,9.745967,5.302495,0.603535,0.175929,0.024435
A,55,7,6,1,4,-0.332602,9.745967,5.302495,0.603535,0.175929,0.024435
A,55,5,4,3,4,-0.332602,9.745967,5.302495,0.603535,0.175929,0.024435
A,54,5,6,3,1,-0.332602,9.745967,5.302495,0.603535,0.175929,0.024435
A,55,6,5,3,3,-0.332602,9.745967,5.302495,0.603535,0.175929,0.024435
A,53,5,6,3,4,-0.332602,9.745967,5.302495,0.603535,0.175929,0.024435
A,53,6,5,1,2,-0.332602,9.745967,5.302495,0.603535,0.175929,0.024435
A,52,6,5,2,3,-0.332602,9.745967,5.302495,0.603535,0.175929,0.024435
A,52,7,6,0,3,-0.332602,9.745967,5.302495,0.603535,0.175929,0.024435
A,52,6,6,3,2,-0.332602,9.745967,5.302495,0.603535,0.175929,0.024435
Straighten your fingers,,,,,,,,,,,
Recording starts in 2s,,,,,,,,,,,
Do A,,,,,,,,,,,
A,47,2,1,2,4,2.608176,11.386246,0.256032,-0.001222,-0.151495,-0.002443
A,53,2,2,2,3,2.608176,11.386246,0.256032,-0.001222,-0.151495,-0.002443
A,53,3,2,4,4,2.608176,11.386246,0.256032,-0.001222,-0.151495,-0.002443
A,52,3,1,4,4,2.608176,11.386246,0.256032,-0.001222,-0.151495,-0.002443
A,51,3,2,3,4,2.608176,11.386246,0.256032,-0.001222,-0.151495,-0.002443
A,51,3,2,3,4,2.608176,11.386246,0.256032,-0.001222,-0.151495,-0.002443
A,51,3,2,2,4,2.608176,11.386246,0.256032,-0.001222,-0.151495,-0.002443
A,51,3,2,3,4,2.608176,11.386246,0.256032,-0.001222,-0.151495,-0.002443
A,47,3,1,4,4,2.608176,11.386246,0.256032,-0.001222,-0.151495,-0.002443
A,49,2,1,1,4,2.608176,11.386246,0.256032,-0.001222,-0.151495,-0.002443
Straighten your fingers,,,,,,,,,,,
Recording starts in 2s,,,,,,,,,,,
Do A,,,,,,,,,,,
A,5,0,0,-1,4,-1.654637,7.515856,0.642473,-0.777021,-0.425162,-1.258382
A,7,0,0,0,4,-1.654637,7.515856,0.642473,-0.777021,-0.425162,-1.258382
A,9,0,-1,0,5,-1.654637,7.515856,0.642473,-0.777021,-0.425162,-1.258382
A,16,-1,0,-1,5,-1.654637,7.515856,0.642473,-0.777021,-0.425162,-1.258382
A,41,0,0,1,4,-1.654637,7.515856,0.642473,-0.777021,-0.425162,-1.258382
A,67,2,5,4,8,-1.654637,7.515856,0.642473,-0.777021,-0.425162,-1.258382
A,71,2,8,4,7,-1.654637,7.515856,0.642473,-0.777021,-0.425162,-1.258382
A,67,2,6,1,6,-1.654637,7.515856,0.642473,-0.777021,-0.425162,-1.258382
A,65,2,4,4,6,-1.654637,7.515856,0.642473,-0.777021,-0.425162,-1.258382
A,64,3,5,5,6,-1.654637,7.515856,0.642473,-0.777021,-0.425162,-1.258382
Straighten your fingers,,,,,,,,,,,
Recording starts in 2s,,,,,,,,,,,
Do A,,,,,,,,,,,
A,69,4,6,6,5,-1.59362,9.680164,1.476372,-0.059865,-0.129503,0.087965
A,67,4,7,6,6,-1.59362,9.680164,1.476372,-0.059865,-0.129503,0.087965
A,64,4,7,6,6,-1.59362,9.680164,1.476372,-0.059865,-0.129503,0.087965
A,66,3,6,5,5,-1.59362,9.680164,1.476372,-0.059865,-0.129503,0.087965
A,64,3,6,4,5,-1.59362,9.680164,1.476372,-0.059865,-0.129503,0.087965
A,61,3,5,5,5,-1.59362,9.680164,1.476372,-0.059865,-0.129503,0.087965
A,61,4,4,5,3,-1.59362,9.680164,1.476372,-0.059865,-0.129503,0.087965
A,62,4,6,5,5,-1.59362,9.680164,1.476372,-0.059865,-0.129503,0.087965
A,61,4,6,6,5,-1.59362,9.680164,1.476372,-0.059865,-0.129503,0.087965
A,62,4,3,4,4,-1.59362,9.680164,1.476372,-0.059865,-0.129503,0.087965
Straighten your fingers,,,,,,,,,,,
Recording starts in 2s,,,,,,,,,,,
Do A,,,,,,,,,,,
A,61,4,6,4,5,-0.400798,9.662218,0.899701,-0.025656,0.075747,0.086743
A,59,5,6,6,5,-0.400798,9.662218,0.899701,-0.025656,0.075747,0.086743
A,58,4,5,4,5,-0.400798,9.662218,0.899701,-0.025656,0.075747,0.086743
A,55,4,5,4,5,-0.400798,9.662218,0.899701,-0.025656,0.075747,0.086743
A,57,4,6,4,5,-0.400798,9.662218,0.899701,-0.025656,0.075747,0.086743
A,57,4,6,5,4,-0.400798,9.662218,0.899701,-0.025656,0.075747,0.086743
A,57,4,6,2,4,-0.400798,9.662218,0.899701,-0.025656,0.075747,0.086743
A,56,5,5,5,5,-0.400798,9.662218,0.899701,-0.025656,0.075747,0.086743
A,55,4,5,5,4,-0.400798,9.662218,0.899701,-0.025656,0.075747,0.086743
A,56,3,5,6,5,-0.400798,9.662218,0.899701,-0.025656,0.075747,0.086743
Straighten your fingers,,,,,,,,,,,
Recording starts in 2s,,,,,,,,,,,
Do A,,,,,,,,,,,
A,52,4,4,2,4,-0.892523,8.525627,2.71705,-0.836885,1.589471,0.004887
A,52,3,4,1,3,-0.892523,8.525627,2.71705,-0.836885,1.589471,0.004887
A,50,3,2,2,3,-0.892523,8.525627,2.71705,-0.836885,1.589471,0.004887
A,52,3,3,3,3,-0.892523,8.525627,2.71705,-0.836885,1.589471,0.004887
A,52,3,5,3,4,-0.892523,8.525627,2.71705,-0.836885,1.589471,0.004887
A,52,3,4,1,3,-0.892523,8.525627,2.71705,-0.836885,1.589471,0.004887
A,52,3,5,3,3,-0.892523,8.525627,2.71705,-0.836885,1.589471,0.004887
A,49,3,2,3,4,-0.892523,8.525627,2.71705,-0.836885,1.589471,0.004887
A,49,2,5,4,1,-0.892523,8.525627,2.71705,-0.836885,1.589471,0.004887
A,49,4,5,2,3,-0.892523,8.525627,2.71705,-0.836885,1.589471,0.004887
Straighten your fingers,,,,,,,,,,,
Recording starts in 2s,,,,,,,,,,,
Do A,,,,,,,,,,,
A,0,0,-1,0,1,4.31067,7.805387,3.820141,0.023213,-0.009774,-0.009774
A,0,0,0,0,1,4.31067,7.805387,3.820141,0.023213,-0.009774,-0.009774
A,1,0,0,1,1,4.31067,7.805387,3.820141,0.023213,-0.009774,-0.009774
A,2,0,0,0,1,4.31067,7.805387,3.820141,0.023213,-0.009774,-0.009774
A,1347,0,0,0,2,4.31067,7.805387,3.820141,0.023213,-0.009774,-0.009774
A,64,3,4,3,5,4.31067,7.805387,3.820141,0.023213,-0.009774,-0.009774
A,62,3,5,3,4,4.31067,7.805387,3.820141,0.023213,-0.009774,-0.009774
A,59,2,4,1,4,4.31067,7.805387,3.820141,0.023213,-0.009774,-0.009774
A,59,4,2,3,4,4.31067,7.805387,3.820141,0.023213,-0.009774,-0.009774
A,59,3,3,3,4,4.31067,7.805387,3.820141,0.023213,-0.009774,-0.009774
Straighten your fingers,,,,,,,,,,,
Recording starts in 2s,,,,,,,,,,,
Do A,,,,,,,,,,,
A,53,4,4,3,3,-2.29711,8.604589,3.698107,0.032987,0.043982,0.051313
A,52,3,5,3,4,-2.29711,8.604589,3.698107,0.032987,0.043982,0.051313
A,52,3,5,0,4,-2.29711,8.604589,3.698107,0.032987,0.043982,0.051313
A,53,3,4,1,4,-2.29711,8.604589,3.698107,0.032987,0.043982,0.051313
A,53,3,5,2,4,-2.29711,8.604589,3.698107,0.032987,0.043982,0.051313
A,52,3,5,3,4,-2.29711,8.604589,3.698107,0.032987,0.043982,0.051313
A,51,3,4,1,4,-2.29711,8.604589,3.698107,0.032987,0.043982,0.051313
A,52,3,4,3,4,-2.29711,8.604589,3.698107,0.032987,0.043982,0.051313
A,50,3,3,2,3,-2.29711,8.604589,3.698107,0.032987,0.043982,0.051313
A,52,4,4,1,3,-2.29711,8.604589,3.698107,0.032987,0.043982,0.051313
Straighten your fingers,,,,,,,,,,,
Recording starts in 2s,,,,,,,,,,,
Do A,,,,,,,,,,,
A,53,2,4,2,3,-3.43729,8.242078,5.07757,-0.058643,0.00733,-0.062308
A,53,2,3,0,3,-3.43729,8.242078,5.07757,-0.058643,0.00733,-0.062308
A,52,2,3,2,3,-3.43729,8.242078,5.07757,-0.058643,0.00733,-0.062308
A,51,2,3,2,4,-3.43729,8.242078,5.07757,-0.058643,0.00733,-0.062308
A,52,2,3,2,1,-3.43729,8.242078,5.07757,-0.058643,0.00733,-0.062308
A,49,2,3,0,3,-3.43729,8.242078,5.07757,-0.058643,0.00733,-0.062308
A,51,2,3,4,3,-3.43729,8.242078,5.07757,-0.058643,0.00733,-0.062308
A,52,3,3,3,3,-3.43729,8.242078,5.07757,-0.058643,0.00733,-0.062308
A,52,2,3,0,3,-3.43729,8.242078,5.07757,-0.058643,0.00733,-0.062308
A,50,2,4,3,3,-3.43729,8.242078,5.07757,-0.058643,0.00733,-0.062308
Straighten your fingers,,,,,,,,,,,
Recording starts in 2s,,,,,,,,,,,
Do A,,,,,,,,,,,
A,42,7,6,6,5,-1.993221,8.785248,2.836691,-0.067195,0.09163,0.065973
A,41,7,6,4,5,-1.993221,8.785248,2.836691,-0.067195,0.09163,0.065973
A,40,7,6,4,5,-1.993221,8.785248,2.836691,-0.067195,0.09163,0.065973
A,40,7,7,6,5,-1.993221,8.785248,2.836691,-0.067195,0.09163,0.065973
A,39,8,6,5,5,-1.993221,8.785248,2.836691,-0.067195,0.09163,0.065973
A,39,8,8,6,6,-1.993221,8.785248,2.836691,-0.067195,0.09163,0.065973
A,39,8,8,6,6,-1.993221,8.785248,2.836691,-0.067195,0.09163,0.065973
A,40,8,11,6,6,-1.993221,8.785248,2.836691,-0.067195,0.09163,0.065973
A,41,8,11,6,7,-1.993221,8.785248,2.836691,-0.067195,0.09163,0.065973
A,42,9,10,7,6,-1.993221,8.785248,2.836691,-0.067195,0.09163,0.065973
Straighten your fingers,,,,,,,,,,,
Recording starts in 2s,,,,,,,,,,,
Do A,,,,,,,,,,,
A,34,0,1,2,2,-3.224329,8.429914,3.762714,-0.318872,-0.701273,-0.775799
A,8,0,1,0,1,-3.224329,8.429914,3.762714,-0.318872,-0.701273,-0.775799
A,6,0,1,2,2,-3.224329,8.429914,3.762714,-0.318872,-0.701273,-0.775799
A,7,1,0,0,1,-3.224329,8.429914,3.762714,-0.318872,-0.701273,-0.775799
A,29,0,2,1,4,-3.224329,8.429914,3.762714,-0.318872,-0.701273,-0.775799
A,57,2,5,3,4,-3.224329,8.429914,3.762714,-0.318872,-0.701273,-0.775799
A,64,3,4,3,4,-3.224329,8.429914,3.762714,-0.318872,-0.701273,-0.775799
A,62,3,5,1,4,-3.224329,8.429914,3.762714,-0.318872,-0.701273,-0.775799
A,59,5,4,4,5,-3.224329,8.429914,3.762714,-0.318872,-0.701273,-0.775799
A,59,5,5,4,5,-3.224329,8.429914,3.762714,-0.318872,-0.701273,-0.775799
Straighten your fingers,,,,,,,,,,,
Recording starts in 2s,,,,,,,,,,,
Do A,,,,,,,,,,,
A,52,4,6,4,5,-1.757528,8.579466,3.836891,-0.023213,0.0562,0
A,51,4,3,3,4,-1.757528,8.579466,3.836891,-0.023213,0.0562,0
A,49,3,6,4,4,-1.757528,8.579466,3.836891,-0.023213,0.0562,0
A,47,4,5,4,4,-1.757528,8.579466,3.836891,-0.023213,0.0562,0
A,46,3,4,3,4,-1.757528,8.579466,3.836891,-0.023213,0.0562,0
A,48,3,6,3,5,-1.757528,8.579466,3.836891,-0.023213,0.0562,0
A,48,4,5,3,5,-1.757528,8.579466,3.836891,-0.023213,0.0562,0
A,49,4,6,4,5,-1.757528,8.579466,3.836891,-0.023213,0.0562,0
A,49,3,5,3,3,-1.757528,8.579466,3.836891,-0.023213,0.0562,0
A,51,4,5,3,3,-1.757528,8.579466,3.836891,-0.023213,0.0562,0
Straighten your fingers,,,,,,,,,,,
Recording starts in 2s,,,,,,,,,,,
Do A,,,,,,,,,,,
A,48,3,5,4,4,-1.883151,8.999406,2.544767,-0.108734,-0.021991,-0.075747
A,48,4,6,4,5,-1.883151,8.999406,2.544767,-0.108734,-0.021991,-0.075747
A,48,4,4,3,3,-1.883151,8.999406,2.544767,-0.108734,-0.021991,-0.075747
A,48,4,5,4,4,-1.883151,8.999406,2.544767,-0.108734,-0.021991,-0.075747
A,49,4,6,4,4,-1.883151,8.999406,2.544767,-0.108734,-0.021991,-0.075747
A,48,4,4,3,5,-1.883151,8.999406,2.544767,-0.108734,-0.021991,-0.075747
A,49,4,5,4,4,-1.883151,8.999406,2.544767,-0.108734,-0.021991,-0.075747
A,48,3,4,3,4,-1.883151,8.999406,2.544767,-0.108734,-0.021991,-0.075747
A,47,3,6,4,2,-1.883151,8.999406,2.544767,-0.108734,-0.021991,-0.075747
A,47,3,3,4,5,-1.883151,8.999406,2.544767,-0.108734,-0.021991,-0.075747
Straighten your fingers,,,,,,,,,,,
Recording starts in 2s,,,,,,,,,,,
Do A,,,,,,,,,,,
A,47,4,5,4,4,-2.973082,7.847262,3.748357,-0.29688,0.267559,0.714712
A,47,4,5,3,4,-2.973082,7.847262,3.748357,-0.29688,0.267559,0.714712
A,45,4,6,4,4,-2.973082,7.847262,3.748357,-0.29688,0.267559,0.714712
A,47,4,5,3,5,-2.973082,7.847262,3.748357,-0.29688,0.267559,0.714712
A,45,3,4,4,4,-2.973082,7.847262,3.748357,-0.29688,0.267559,0.714712
A,48,4,5,2,4,-2.973082,7.847262,3.748357,-0.29688,0.267559,0.714712
A,47,4,5,4,4,-2.973082,7.847262,3.748357,-0.29688,0.267559,0.714712
A,47,4,3,3,4,-2.973082,7.847262,3.748357,-0.29688,0.267559,0.714712
A,48,4,5,4,4,-2.973082,7.847262,3.748357,-0.29688,0.267559,0.714712
A,47,3,5,4,4,-2.973082,7.847262,3.748357,-0.29688,0.267559,0.714712
Straighten your fingers,,,,,,,,,,,
Recording starts in 2s,,,,,,,,,,,
Do A,,,,,,,,,,,
A,46,4,4,1,4,-0.472582,8.301898,4.936393,-0.29688,0.215025,0.387289
A,48,4,4,4,4,-0.472582,8.301898,4.936393,-0.29688,0.215025,0.387289
A,44,4,6,3,5,-0.472582,8.301898,4.936393,-0.29688,0.215025,0.387289
A,47,4,5,3,4,-0.472582,8.301898,4.936393,-0.29688,0.215025,0.387289
A,47,2,4,1,4,-0.472582,8.301898,4.936393,-0.29688,0.215025,0.387289
A,47,4,5,1,4,-0.472582,8.301898,4.936393,-0.29688,0.215025,0.387289
A,47,4,6,4,4,-0.472582,8.301898,4.936393,-0.29688,0.215025,0.387289
A,47,4,5,3,4,-0.472582,8.301898,4.936393,-0.29688,0.215025,0.387289
A,47,4,5,4,5,-0.472582,8.301898,4.936393,-0.29688,0.215025,0.387289
A,47,3,5,1,4,-0.472582,8.301898,4.936393,-0.29688,0.215025,0.387289
Straighten your fingers,,,,,,,,,,,
Recording starts in 2s,,,,,,,,,,,
Do A,,,,,,,,,,,
A,50,6,5,4,5,0.010768,7.942975,5.253442,0.346971,0.394619,0.532674
A,49,4,5,4,3,0.010768,7.942975,5.253442,0.346971,0.394619,0.532674
A,48,4,3,3,2,0.010768,7.942975,5.253442,0.346971,0.394619,0.532674
A,50,5,5,3,5,0.010768,7.942975,5.253442,0.346971,0.394619,0.532674
A,49,5,4,3,5,0.010768,7.942975,5.253442,0.346971,0.394619,0.532674
A,48,3,5,3,3,0.010768,7.942975,5.253442,0.346971,0.394619,0.532674
A,48,4,4,4,4,0.010768,7.942975,5.253442,0.346971,0.394619,0.532674
A,48,4,6,3,4,0.010768,7.942975,5.253442,0.346971,0.394619,0.532674
A,45,4,5,1,4,0.010768,7.942975,5.253442,0.346971,0.394619,0.532674
A,45,4,4,3,5,0.010768,7.942975,5.253442,0.346971,0.394619,0.532674
Straighten your fingers,,,,,,,,,,,
Recording starts in 2s,,,,,,,,,,,
Do A,,,,,,,,,,,
A,47,5,5,3,4,0.745364,8.315059,5.252246,0.602313,0.207694,0.032987
A,47,5,4,3,5,0.745364,8.315059,5.252246,0.602313,0.207694,0.032987
A,43,5,5,3,3,0.745364,8.315059,5.252246,0.602313,0.207694,0.032987
A,43,4,4,3,4,0.745364,8.315059,5.252246,0.602313,0.207694,0.032987
A,43,4,5,4,4,0.745364,8.315059,5.252246,0.602313,0.207694,0.032987
A,46,4,3,3,4,0.745364,8.315059,5.252246,0.602313,0.207694,0.032987
A,46,4,4,4,4,0.745364,8.315059,5.252246,0.602313,0.207694,0.032987
A,46,4,6,3,4,0.745364,8.315059,5.252246,0.602313,0.207694,0.032987
A,46,4,5,3,4,0.745364,8.315059,5.252246,0.602313,0.207694,0.032987
A,46,4,5,3,4,0.745364,8.315059,5.252246,0.602313,0.207694,0.032987
Straighten your fingers,,,,,,,,,,,
Recording starts in 2s,,,,,,,,,,,
Do A,,,,,,,,,,,
A,45,4,4,5,4,-1.499103,7.879565,5.345566,-0.020769,-0.00733,-0.025656
A,43,3,3,3,4,-1.499103,7.879565,5.345566,-0.020769,-0.00733,-0.025656
A,45,3,4,3,2,-1.499103,7.879565,5.345566,-0.020769,-0.00733,-0.025656
A,42,2,4,3,3,-1.499103,7.879565,5.345566,-0.020769,-0.00733,-0.025656
A,42,2,3,4,3,-1.499103,7.879565,5.345566,-0.020769,-0.00733,-0.025656
A,42,3,3,1,2,-1.499103,7.879565,5.345566,-0.020769,-0.00733,-0.025656
A,41,2,3,2,3,-1.499103,7.879565,5.345566,-0.020769,-0.00733,-0.025656
A,38,2,3,3,3,-1.499103,7.879565,5.345566,-0.020769,-0.00733,-0.025656
A,39,1,3,2,2,-1.499103,7.879565,5.345566,-0.020769,-0.00733,-0.025656
A,38,1,0,1,2,-1.499103,7.879565,5.345566,-0.020769,-0.00733,-0.025656
Straighten your fingers,,,,,,,,,,,
Recording starts in 2s,,,,,,,,,,,
Do A,,,,,,,,,,,
A,35,0,0,-1,1,0.112463,8.047063,-0.604188,-0.844216,-0.817338,-0.679282
A,35,0,-2,0,0,0.112463,8.047063,-0.604188,-0.844216,-0.817338,-0.679282
A,35,0,0,-1,0,0.112463,8.047063,-0.604188,-0.844216,-0.817338,-0.679282
A,33,0,0,0,0,0.112463,8.047063,-0.604188,-0.844216,-0.817338,-0.679282
A,37,-1,0,1,0,0.112463,8.047063,-0.604188,-0.844216,-0.817338,-0.679282
A,36,-1,0,0,1,0.112463,8.047063,-0.604188,-0.844216,-0.817338,-0.679282
A,38,0,0,0,0,0.112463,8.047063,-0.604188,-0.844216,-0.817338,-0.679282
A,34,0,0,0,0,0.112463,8.047063,-0.604188,-0.844216,-0.817338,-0.679282
A,36,0,0,0,0,0.112463,8.047063,-0.604188,-0.844216,-0.817338,-0.679282
A,34,0,0,1,1,0.112463,8.047063,-0.604188,-0.844216,-0.817338,-0.679282
Straighten your fingers,,,,,,,,,,,
Recording starts in 2s,,,,,,,,,,,
Do A,,,,,,,,,,,
A,52,1,3,1,3,-0.363709,9.789038,3.320041,-0.549779,0.714712,1.11544
A,51,2,3,2,3,-0.363709,9.789038,3.320041,-0.549779,0.714712,1.11544
A,47,0,3,3,3,-0.363709,9.789038,3.320041,-0.549779,0.714712,1.11544
A,50,2,3,1,3,-0.363709,9.789038,3.320041,-0.549779,0.714712,1.11544
A,50,2,3,1,3,-0.363709,9.789038,3.320041,-0.549779,0.714712,1.11544
A,49,2,3,0,2,-0.363709,9.789038,3.320041,-0.549779,0.714712,1.11544
A,49,1,3,0,2,-0.363709,9.789038,3.320041,-0.549779,0.714712,1.11544
A,48,1,3,1,3,-0.363709,9.789038,3.320041,-0.549779,0.714712,1.11544
A,48,2,4,3,3,-0.363709,9.789038,3.320041,-0.549779,0.714712,1.11544
A,48,2,2,2,3,-0.363709,9.789038,3.320041,-0.549779,0.714712,1.11544
Straighten your fingers,,,,,,,,,,,
Recording starts in 2s,,,,,,,,,,,
Do A,,,,,,,,,,,
A,50,6,7,7,5,0.862613,7.774281,5.63749,-0.25412,0.12706,0.184481
A,52,7,7,3,5,0.862613,7.774281,5.63749,-0.25412,0.12706,0.184481
A,52,7,7,6,5,0.862613,7.774281,5.63749,-0.25412,0.12706,0.184481
A,52,7,8,5,6,0.862613,7.774281,5.63749,-0.25412,0.12706,0.184481
A,52,7,6,6,5,0.862613,7.774281,5.63749,-0.25412,0.12706,0.184481
A,52,7,6,6,5,0.862613,7.774281,5.63749,-0.25412,0.12706,0.184481
A,52,7,8,6,5,0.862613,7.774281,5.63749,-0.25412,0.12706,0.184481
A,49,7,6,7,5,0.862613,7.774281,5.63749,-0.25412,0.12706,0.184481
A,49,8,7,5,3,0.862613,7.774281,5.63749,-0.25412,0.12706,0.184481
A,50,6,8,5,5,0.862613,7.774281,5.63749,-0.25412,0.12706,0.184481
Straighten your fingers,,,,,,,,,,,
Recording starts in 2s,,,,,,,,,,,
Do A,,,,,,,,,,,
A,52,9,15,15,8,-11.230713,1.779064,6.495317,4.047593,-4.131893,1.611462
A,52,9,15,14,8,-11.230713,1.779064,6.495317,4.047593,-4.131893,1.611462
A,52,10,15,16,7,-11.230713,1.779064,6.495317,4.047593,-4.131893,1.611462
A,49,9,14,14,8,-11.230713,1.779064,6.495317,4.047593,-4.131893,1.611462
A,51,9,16,11,8,-11.230713,1.779064,6.495317,4.047593,-4.131893,1.611462
A,52,9,16,14,7,-11.230713,1.779064,6.495317,4.047593,-4.131893,1.611462
A,52,8,15,15,8,-11.230713,1.779064,6.495317,4.047593,-4.131893,1.611462
A,52,9,16,14,8,-11.230713,1.779064,6.495317,4.047593,-4.131893,1.611462
A,52,10,15,13,8,-11.230713,1.779064,6.495317,4.047593,-4.131893,1.611462
A,52,9,15,14,8,-11.230713,1.779064,6.495317,4.047593,-4.131893,1.611462
Straighten your fingers,,,,,,,,,,,
Recording starts in 2s,,,,,,,,,,,
Do A,,,,,,,,,,,
A,51,6,8,8,5,0.801596,9.342776,0.641276,0.504575,-0.196699,-1.210735
A,49,6,8,7,5,0.801596,9.342776,0.641276,0.504575,-0.196699,-1.210735
A,49,5,9,7,3,0.801596,9.342776,0.641276,0.504575,-0.196699,-1.210735
A,49,4,9,7,5,0.801596,9.342776,0.641276,0.504575,-0.196699,-1.210735
A,48,6,8,6,5,0.801596,9.342776,0.641276,0.504575,-0.196699,-1.210735
A,49,5,9,7,4,0.801596,9.342776,0.641276,0.504575,-0.196699,-1.210735
A,48,6,9,9,3,0.801596,9.342776,0.641276,0.504575,-0.196699,-1.210735
A,46,6,8,10,5,0.801596,9.342776,0.641276,0.504575,-0.196699,-1.210735
A,48,6,9,8,6,0.801596,9.342776,0.641276,0.504575,-0.196699,-1.210735
A,47,6,8,9,5,0.801596,9.342776,0.641276,0.504575,-0.196699,-1.210735
Straighten your fingers,,,,,,,,,,,
Recording starts in 2s,,,,,,,,,,,
Do A,,,,,,,,,,,
A,1607,1,2,3,3,-2.684747,8.705089,-0.64008,0.061087,-0.273668,-0.516792
A,1249,1,2,3,2,-2.684747,8.705089,-0.64008,0.061087,-0.273668,-0.516792
A,3,1,3,3,3,-2.684747,8.705089,-0.64008,0.061087,-0.273668,-0.516792
A,5,1,3,3,3,-2.684747,8.705089,-0.64008,0.061087,-0.273668,-0.516792
A,8,2,3,3,1,-2.684747,8.705089,-0.64008,0.061087,-0.273668,-0.516792
A,54,6,9,6,4,-2.684747,8.705089,-0.64008,0.061087,-0.273668,-0.516792
A,59,8,11,9,6,-2.684747,8.705089,-0.64008,0.061087,-0.273668,-0.516792
A,56,8,12,12,5,-2.684747,8.705089,-0.64008,0.061087,-0.273668,-0.516792
A,55,10,12,11,6,-2.684747,8.705089,-0.64008,0.061087,-0.273668,-0.516792
A,55,10,12,12,5,-2.684747,8.705089,-0.64008,0.061087,-0.273668,-0.516792
Straighten your fingers,,,,,,,,,,,
Recording starts in 2s,,,,,,,,,,,
Do A,,,,,,,,,,,
A,5,0,1,1,1,0.074178,8.969496,1.581656,0.195477,0.447153,0.67073
A,7,1,2,2,3,0.074178,8.969496,1.581656,0.195477,0.447153,0.67073
A,17,1,3,3,3,0.074178,8.969496,1.581656,0.195477,0.447153,0.67073
A,49,5,5,7,5,0.074178,8.969496,1.581656,0.195477,0.447153,0.67073
A,53,6,7,7,6,0.074178,8.969496,1.581656,0.195477,0.447153,0.67073
A,52,6,7,7,6,0.074178,8.969496,1.581656,0.195477,0.447153,0.67073
A,51,6,8,7,5,0.074178,8.969496,1.581656,0.195477,0.447153,0.67073
A,50,8,8,7,5,0.074178,8.969496,1.581656,0.195477,0.447153,0.67073
A,49,6,8,8,5,0.074178,8.969496,1.581656,0.195477,0.447153,0.67073
A,49,7,8,6,4,0.074178,8.969496,1.581656,0.195477,0.447153,0.67073
Straighten your fingers,,,,,,,,,,,
Recording starts in 2s,,,,,,,,,,,
Do A,,,,,,,,,,,
A,50,7,9,8,6,-6.172286,7.208378,-1.31007,0.199142,0.031765,-0.551
A,51,7,8,8,7,-6.172286,7.208378,-1.31007,0.199142,0.031765,-0.551
A,51,8,9,7,6,-6.172286,7.208378,-1.31007,0.199142,0.031765,-0.551
A,49,7,6,8,7,-6.172286,7.208378,-1.31007,0.199142,0.031765,-0.551
A,49,7,9,7,6,-6.172286,7.208378,-1.31007,0.199142,0.031765,-0.551
A,47,7,7,7,6,-6.172286,7.208378,-1.31007,0.199142,0.031765,-0.551
A,46,7,8,7,4,-6.172286,7.208378,-1.31007,0.199142,0.031765,-0.551
A,48,6,8,10,6,-6.172286,7.208378,-1.31007,0.199142,0.031765,-0.551
A,48,7,9,7,6,-6.172286,7.208378,-1.31007,0.199142,0.031765,-0.551
A,48,7,8,6,5,-6.172286,7.208378,-1.31007,0.199142,0.031765,-0.551
Straighten your fingers,,,,,,,,,,,
Recording starts in 2s,,,,,,,,,,,
Do A,,,,,,,,,,,
A,43,10,13,10,7,-5.992825,7.865208,-1.916651,-0.129503,-0.149051,-0.003665
A,43,8,12,10,5,-5.992825,7.865208,-1.916651,-0.129503,-0.149051,-0.003665
A,42,8,14,10,7,-5.992825,7.865208,-1.916651,-0.129503,-0.149051,-0.003665
A,43,8,14,9,7,-5.992825,7.865208,-1.916651,-0.129503,-0.149051,-0.003665
A,44,10,12,11,5,-5.992825,7.865208,-1.916651,-0.129503,-0.149051,-0.003665
A,42,9,14,10,7,-5.992825,7.865208,-1.916651,-0.129503,-0.149051,-0.003665
A,43,9,12,7,7,-5.992825,7.865208,-1.916651,-0.129503,-0.149051,-0.003665
A,42,8,14,11,5,-5.992825,7.865208,-1.916651,-0.129503,-0.149051,-0.003665
A,42,9,12,11,7,-5.992825,7.865208,-1.916651,-0.129503,-0.149051,-0.003665
A,42,8,12,10,7,-5.992825,7.865208,-1.916651,-0.129503,-0.149051,-0.003665
Straighten your fingers,,,,,,,,,,,
Recording starts in 2s,,,,,,,,,,,
Do A,,,,,,,,,,,
A,42,9,10,10,7,-7.343573,6.666404,-0.314656,0.042761,-0.018326,-0.065973
A,42,8,11,9,6,-7.343573,6.666404,-0.314656,0.042761,-0.018326,-0.065973
A,42,8,12,9,6,-7.343573,6.666404,-0.314656,0.042761,-0.018326,-0.065973
A,40,7,12,11,6,-7.343573,6.666404,-0.314656,0.042761,-0.018326,-0.065973
A,42,8,14,10,7,-7.343573,6.666404,-0.314656,0.042761,-0.018326,-0.065973
A,42,8,13,10,6,-7.343573,6.666404,-0.314656,0.042761,-0.018326,-0.065973
A,43,8,12,10,7,-7.343573,6.666404,-0.314656,0.042761,-0.018326,-0.065973
A,41,9,12,11,6,-7.343573,6.666404,-0.314656,0.042761,-0.018326,-0.065973
A,40,8,13,10,7,-7.343573,6.666404,-0.314656,0.042761,-0.018326,-0.065973
A,41,8,14,10,7,-7.343573,6.666404,-0.314656,0.042761,-0.018326,-0.065973
Straighten your fingers,,,,,,,,,,,
Recording starts in 2s,,,,,,,,,,,
Do A,,,,,,,,,,,
A,34,1,0,0,4,-7.354341,6.171089,0.15673,-0.064752,-0.067195,0.010996
A,34,0,1,1,3,-7.354341,6.171089,0.15673,-0.064752,-0.067195,0.010996
A,35,1,2,0,3,-7.354341,6.171089,0.15673,-0.064752,-0.067195,0.010996
A,36,1,2,0,3,-7.354341,6.171089,0.15673,-0.064752,-0.067195,0.010996
A,36,1,1,2,4,-7.354341,6.171089,0.15673,-0.064752,-0.067195,0.010996
A,34,0,2,1,4,-7.354341,6.171089,0.15673,-0.064752,-0.067195,0.010996
A,36,0,1,2,5,-7.354341,6.171089,0.15673,-0.064752,-0.067195,0.010996
A,36,0,2,1,5,-7.354341,6.171089,0.15673,-0.064752,-0.067195,0.010996
A,36,1,1,1,5,-7.354341,6.171089,0.15673,-0.064752,-0.067195,0.010996
A,36,0,0,1,5,-7.354341,6.171089,0.15673,-0.064752,-0.067195,0.010996
Straighten your fingers,,,,,,,,,,,
Recording starts in 2s,,,,,,,,,,,
Do A,,,,,,,,,,,
A,37,1,1,1,4,-0.318245,9.299706,0.54676,-0.108734,0.036652,0.15516
A,37,1,3,1,3,-0.318245,9.299706,0.54676,-0.108734,0.036652,0.15516
A,36,1,0,1,5,-0.318245,9.299706,0.54676,-0.108734,0.036652,0.15516
A,37,1,2,0,5,-0.318245,9.299706,0.54676,-0.108734,0.036652,0.15516
A,36,1,3,1,5,-0.318245,9.299706,0.54676,-0.108734,0.036652,0.15516
A,36,1,2,1,5,-0.318245,9.299706,0.54676,-0.108734,0.036652,0.15516
A,37,1,0,1,3,-0.318245,9.299706,0.54676,-0.108734,0.036652,0.15516
A,37,1,3,1,5,-0.318245,9.299706,0.54676,-0.108734,0.036652,0.15516
A,37,2,2,2,4,-0.318245,9.299706,0.54676,-0.108734,0.036652,0.15516
A,37,1,0,1,4,-0.318245,9.299706,0.54676,-0.108734,0.036652,0.15516
Straighten your fingers,,,,,,,,,,,
Recording starts in 2s,,,,,,,,,,,
Do A,,,,,,,,,,,
A,51,6,4,5,4,-1.666601,9.206386,1.587638,-0.806342,1.901013,0.443488
A,50,5,6,5,5,-1.666601,9.206386,1.587638,-0.806342,1.901013,0.443488
A,51,5,5,3,5,-1.666601,9.206386,1.587638,-0.806342,1.901013,0.443488
A,48,5,7,4,5,-1.666601,9.206386,1.587638,-0.806342,1.901013,0.443488
A,48,5,6,5,5,-1.666601,9.206386,1.587638,-0.806342,1.901013,0.443488
A,48,6,7,5,5,-1.666601,9.206386,1.587638,-0.806342,1.901013,0.443488
A,47,4,5,6,5,-1.666601,9.206386,1.587638,-0.806342,1.901013,0.443488
A,47,5,5,4,5,-1.666601,9.206386,1.587638,-0.806342,1.901013,0.443488
A,48,5,6,6,5,-1.666601,9.206386,1.587638,-0.806342,1.901013,0.443488
A,48,3,6,4,5,-1.666601,9.206386,1.587638,-0.806342,1.901013,0.443488
Straighten your fingers,,,,,,,,,,,
Recording starts in 2s,,,,,,,,,,,
Do A,,,,,,,,,,,
A,46,6,6,5,6,-1.301696,9.104691,3.166901,-0.431271,-0.210138,0.321315
A,47,4,5,2,5,-1.301696,9.104691,3.166901,-0.431271,-0.210138,0.321315
A,46,6,6,4,6,-1.301696,9.104691,3.166901,-0.431271,-0.210138,0.321315
A,46,6,6,2,6,-1.301696,9.104691,3.166901,-0.431271,-0.210138,0.321315
A,46,5,7,4,6,-1.301696,9.104691,3.166901,-0.431271,-0.210138,0.321315
A,46,6,5,4,6,-1.301696,9.104691,3.166901,-0.431271,-0.210138,0.321315
A,46,6,6,4,6,-1.301696,9.104691,3.166901,-0.431271,-0.210138,0.321315
A,46,5,5,5,4,-1.301696,9.104691,3.166901,-0.431271,-0.210138,0.321315
A,43,6,5,5,6,-1.301696,9.104691,3.166901,-0.431271,-0.210138,0.321315
A,45,5,5,4,6,-1.301696,9.104691,3.166901,-0.431271,-0.210138,0.321315
Straighten your fingers,,,,,,,,,,,
Recording starts in 2s,,,,,,,,,,,
Do A,,,,,,,,,,,
A,46,5,6,4,5,1.068395,8.478967,4.472186,-0.112399,0.204029,-0.014661
A,46,6,4,5,5,1.068395,8.478967,4.472186,-0.112399,0.204029,-0.014661
A,43,6,5,5,5,1.068395,8.478967,4.472186,-0.112399,0.204029,-0.014661
A,44,4,6,5,4,1.068395,8.478967,4.472186,-0.112399,0.204029,-0.014661
A,46,5,4,4,5,1.068395,8.478967,4.472186,-0.112399,0.204029,-0.014661
A,43,6,6,5,5,1.068395,8.478967,4.472186,-0.112399,0.204029,-0.014661
A,46,5,6,4,5,1.068395,8.478967,4.472186,-0.112399,0.204029,-0.014661
A,44,6,6,2,5,1.068395,8.478967,4.472186,-0.112399,0.204029,-0.014661
A,46,4,5,2,5,1.068395,8.478967,4.472186,-0.112399,0.204029,-0.014661
A,46,6,6,5,5,1.068395,8.478967,4.472186,-0.112399,0.204029,-0.014661
Straighten your fingers,,,,,,,,,,,
Recording starts in 2s,,,,,,,,,,,
Do A,,,,,,,,,,,
A,46,4,6,2,5,-4.06062,7.573284,4.402793,-0.023213,0.0281,0.010996
A,46,5,7,4,3,-4.06062,7.573284,4.402793,-0.023213,0.0281,0.010996
A,44,5,7,5,5,-4.06062,7.573284,4.402793,-0.023213,0.0281,0.010996
A,45,5,6,3,5,-4.06062,7.573284,4.402793,-0.023213,0.0281,0.010996
A,46,5,5,4,5,-4.06062,7.573284,4.402793,-0.023213,0.0281,0.010996
A,46,4,5,6,5,-4.06062,7.573284,4.402793,-0.023213,0.0281,0.010996
A,43,5,6,5,5,-4.06062,7.573284,4.402793,-0.023213,0.0281,0.010996
A,46,6,4,4,5,-4.06062,7.573284,4.402793,-0.023213,0.0281,0.010996
A,44,5,5,4,5,-4.06062,7.573284,4.402793,-0.023213,0.0281,0.010996
A,46,6,6,4,5,-4.06062,7.573284,4.402793,-0.023213,0.0281,0.010996
Straighten your fingers,,,,,,,,,,,
Recording starts in 2s,,,,,,,,,,,
Do A,,,,,,,,,,,
A,46,5,7,5,6,-4.65404,7.42134,4.041477,-0.002443,0.017104,-0.012217
A,46,6,6,5,5,-4.65404,7.42134,4.041477,-0.002443,0.017104,-0.012217
A,44,5,6,5,5,-4.65404,7.42134,4.041477,-0.002443,0.017104,-0.012217
A,43,5,7,4,5,-4.65404,7.42134,4.041477,-0.002443,0.017104,-0.012217
A,46,5,4,4,5,-4.65404,7.42134,4.041477,-0.002443,0.017104,-0.012217
A,46,5,6,5,5,-4.65404,7.42134,4.041477,-0.002443,0.017104,-0.012217
A,46,6,6,3,5,-4.65404,7.42134,4.041477,-0.002443,0.017104,-0.012217
A,46,5,4,4,3,-4.65404,7.42134,4.041477,-0.002443,0.017104,-0.012217
A,46,5,4,4,4,-4.65404,7.42134,4.041477,-0.002443,0.017104,-0.012217
A,46,4,5,4,5,-4.65404,7.42134,4.041477,-0.002443,0.017104,-0.012217
Straighten your fingers,,,,,,,,,,,
Recording starts in 2s,,,,,,,,,,,
Do A,,,,,,,,,,,
A,46,5,6,4,5,-4.676772,7.436893,3.986442,-0.001222,0.013439,-0.001222
A,46,5,7,5,5,-4.676772,7.436893,3.986442,-0.001222,0.013439,-0.001222
A,46,5,6,4,5,-4.676772,7.436893,3.986442,-0.001222,0.013439,-0.001222
A,45,5,5,4,5,-4.676772,7.436893,3.986442,-0.001222,0.013439,-0.001222
A,46,5,5,4,5,-4.676772,7.436893,3.986442,-0.001222,0.013439,-0.001222
A,46,5,5,4,4,-4.676772,7.436893,3.986442,-0.001222,0.013439,-0.001222
A,46,5,5,5,6,-4.676772,7.436893,3.986442,-0.001222,0.013439,-0.001222
A,45,4,6,5,5,-4.676772,7.436893,3.986442,-0.001222,0.013439,-0.001222
A,43,5,4,4,4,-4.676772,7.436893,3.986442,-0.001222,0.013439,-0.001222
A,46,6,6,4,5,-4.676772,7.436893,3.986442,-0.001222,0.013439,-0.001222
Straighten your fingers,,,,,,,,,,,
Recording starts in 2s,,,,,,,,,,,
Do A,,,,,,,,,,,
A,46,6,4,4,4,-4.545166,7.533802,3.913461,0.017104,-0.003665,-0.003665
A,46,5,7,4,5,-4.545166,7.533802,3.913461,0.017104,-0.003665,-0.003665
A,46,6,6,4,5,-4.545166,7.533802,3.913461,0.017104,-0.003665,-0.003665
A,46,5,6,4,5,-4.545166,7.533802,3.913461,0.017104,-0.003665,-0.003665
A,46,6,6,5,5,-4.545166,7.533802,3.913461,0.017104,-0.003665,-0.003665
A,46,5,6,5,6,-4.545166,7.533802,3.913461,0.017104,-0.003665,-0.003665
A,46,5,5,4,3,-4.545166,7.533802,3.913461,0.017104,-0.003665,-0.003665
A,45,5,5,3,5,-4.545166,7.533802,3.913461,0.017104,-0.003665,-0.003665
A,46,4,6,6,5,-4.545166,7.533802,3.913461,0.017104,-0.003665,-0.003665
A,46,6,6,4,4,-4.545166,7.533802,3.913461,0.017104,-0.003665,-0.003665
Straighten your fingers,,,,,,,,,,,
Recording starts in 2s,,,,,,,,,,,
Do A,,,,,,,,,,,
A,42,5,6,5,5,-4.636094,7.44766,3.974478,-0.002443,0.00733,0.001222
A,45,5,6,5,5,-4.636094,7.44766,3.974478,-0.002443,0.00733,0.001222
A,46,6,4,4,4,-4.636094,7.44766,3.974478,-0.002443,0.00733,0.001222
A,46,6,6,5,5,-4.636094,7.44766,3.974478,-0.002443,0.00733,0.001222
A,43,6,5,4,5,-4.636094,7.44766,3.974478,-0.002443,0.00733,0.001222
A,46,5,5,4,6,-4.636094,7.44766,3.974478,-0.002443,0.00733,0.001222
A,42,5,4,4,6,-4.636094,7.44766,3.974478,-0.002443,0.00733,0.001222
A,46,6,6,4,4,-4.636094,7.44766,3.974478,-0.002443,0.00733,0.001222
A,46,6,6,4,4,-4.636094,7.44766,3.974478,-0.002443,0.00733,0.001222
A,46,5,4,5,4,-4.636094,7.44766,3.974478,-0.002443,0.00733,0.001222
Straighten your fingers,,,,,,,,,,,
Recording starts in 2s,,,,,,,,,,,
Do A,,,,,,,,,,,
A,42,5,6,3,5,-4.478168,7.533802,4.031906,-0.008552,0.008552,0.002443
A,44,6,7,5,5,-4.478168,7.533802,4.031906,-0.008552,0.008552,0.002443
A,45,5,5,2,5,-4.478168,7.533802,4.031906,-0.008552,0.008552,0.002443
A,46,6,5,4,5,-4.478168,7.533802,4.031906,-0.008552,0.008552,0.002443
A,46,4,6,6,5,-4.478168,7.533802,4.031906,-0.008552,0.008552,0.002443
A,45,5,5,1,5,-4.478168,7.533802,4.031906,-0.008552,0.008552,0.002443
A,46,5,6,4,5,-4.478168,7.533802,4.031906,-0.008552,0.008552,0.002443
A,45,5,6,6,5,-4.478168,7.533802,4.031906,-0.008552,0.008552,0.002443
A,45,5,5,5,4,-4.478168,7.533802,4.031906,-0.008552,0.008552,0.002443
A,43,5,7,5,5,-4.478168,7.533802,4.031906,-0.008552,0.008552,0.002443
Straighten your fingers,,,,,,,,,,,
Recording starts in 2s,,,,,,,,,,,
Do A,,,,,,,,,,,
A,45,6,5,4,4,-4.572684,7.477571,3.981657,-0.019548,-0.017104,0.003665
A,45,7,6,5,4,-4.572684,7.477571,3.981657,-0.019548,-0.017104,0.003665
A,46,4,6,5,5,-4.572684,7.477571,3.981657,-0.019548,-0.017104,0.003665
A,45,5,7,4,4,-4.572684,7.477571,3.981657,-0.019548,-0.017104,0.003665
A,45,4,5,2,5,-4.572684,7.477571,3.981657,-0.019548,-0.017104,0.003665
A,46,5,6,6,5,-4.572684,7.477571,3.981657,-0.019548,-0.017104,0.003665
A,46,6,5,4,4,-4.572684,7.477571,3.981657,-0.019548,-0.017104,0.003665
A,46,6,6,4,3,-4.572684,7.477571,3.981657,-0.019548,-0.017104,0.003665
A,44,5,5,6,5,-4.572684,7.477571,3.981657,-0.019548,-0.017104,0.003665
A,45,5,6,6,5,-4.572684,7.477571,3.981657,-0.019548,-0.017104,0.003665
Straighten your fingers,,,,,,,,,,,
Recording starts in 2s,,,,,,,,,,,
Do A,,,,,,,,,,,
A,46,5,5,4,5,-4.505685,7.543374,3.982853,0.001222,-0.012217,0.009774
A,45,6,5,5,5,-4.505685,7.543374,3.982853,0.001222,-0.012217,0.009774
A,46,4,4,5,5,-4.505685,7.543374,3.982853,0.001222,-0.012217,0.009774
A,45,5,7,5,5,-4.505685,7.543374,3.982853,0.001222,-0.012217,0.009774
A,45,6,6,5,5,-4.505685,7.543374,3.982853,0.001222,-0.012217,0.009774
A,41,6,4,5,5,-4.505685,7.543374,3.982853,0.001222,-0.012217,0.009774
A,44,5,5,5,5,-4.505685,7.543374,3.982853,0.001222,-0.012217,0.009774
A,44,6,6,6,5,-4.505685,7.543374,3.982853,0.001222,-0.012217,0.009774
A,43,6,7,5,6,-4.505685,7.543374,3.982853,0.001222,-0.012217,0.009774
A,43,5,6,7,5,-4.505685,7.543374,3.982853,0.001222,-0.012217,0.009774
Straighten your fingers,,,,,,,,,,,
Recording starts in 2s,,,,,,,,,,,
Do A,,,,,,,,,,,
A,46,4,7,2,5,5.594419,7.24786,2.428715,-0.647517,1.980425,-0.475253
A,47,4,3,4,5,5.594419,7.24786,2.428715,-0.647517,1.980425,-0.475253
A,48,4,6,4,5,5.594419,7.24786,2.428715,-0.647517,1.980425,-0.475253
A,48,4,6,4,5,5.594419,7.24786,2.428715,-0.647517,1.980425,-0.475253
A,47,3,6,5,5,5.594419,7.24786,2.428715,-0.647517,1.980425,-0.475253
A,48,4,7,3,5,5.594419,7.24786,2.428715,-0.647517,1.980425,-0.475253
A,47,4,6,4,5,5.594419,7.24786,2.428715,-0.647517,1.980425,-0.475253
A,48,4,5,4,5,5.594419,7.24786,2.428715,-0.647517,1.980425,-0.475253
A,47,4,6,4,6,5.594419,7.24786,2.428715,-0.647517,1.980425,-0.475253
A,47,5,5,4,5,5.594419,7.24786,2.428715,-0.647517,1.980425,-0.475253
Straighten your fingers,,,,,,,,,,,
Recording starts in 2s,,,,,,,,,,,
Do A,,,,,,,,,,,
A,47,5,8,3,5,-9.367901,2.329413,1.411765,-0.021991,-0.00733,0.034208
A,45,5,8,3,5,-9.367901,2.329413,1.411765,-0.021991,-0.00733,0.034208
A,48,6,7,6,5,-9.367901,2.329413,1.411765,-0.021991,-0.00733,0.034208
A,47,6,7,3,5,-9.367901,2.329413,1.411765,-0.021991,-0.00733,0.034208
A,47,5,7,6,5,-9.367901,2.329413,1.411765,-0.021991,-0.00733,0.034208
A,47,7,7,5,3,-9.367901,2.329413,1.411765,-0.021991,-0.00733,0.034208
A,46,5,8,5,6,-9.367901,2.329413,1.411765,-0.021991,-0.00733,0.034208
A,45,6,7,6,5,-9.367901,2.329413,1.411765,-0.021991,-0.00733,0.034208
A,47,4,7,5,5,-9.367901,2.329413,1.411765,-0.021991,-0.00733,0.034208
A,47,6,7,6,3,-9.367901,2.329413,1.411765,-0.021991,-0.00733,0.034208
Straighten your fingers,,,,,,,,,,,
Recording starts in 2s,,,,,,,,,,,
Do A,,,,,,,,,,,
A,49,8,8,5,4,-5.977271,6.192625,4.362116,-0.075747,-0.048869,-0.020769
A,48,7,9,6,4,-5.977271,6.192625,4.362116,-0.075747,-0.048869,-0.020769
A,49,7,8,6,3,-5.977271,6.192625,4.362116,-0.075747,-0.048869,-0.020769
A,48,6,8,6,3,-5.977271,6.192625,4.362116,-0.075747,-0.048869,-0.020769
A,49,7,9,5,3,-5.977271,6.192625,4.362116,-0.075747,-0.048869,-0.020769
A,49,7,7,5,1,-5.977271,6.192625,4.362116,-0.075747,-0.048869,-0.020769
A,49,5,8,6,3,-5.977271,6.192625,4.362116,-0.075747,-0.048869,-0.020769
A,48,6,8,6,4,-5.977271,6.192625,4.362116,-0.075747,-0.048869,-0.020769
A,49,7,8,5,4,-5.977271,6.192625,4.362116,-0.075747,-0.048869,-0.020769
A,49,7,7,5,5,-5.977271,6.192625,4.362116,-0.075747,-0.048869,-0.020769
Straighten your fingers,,,,,,,,,,,
Recording starts in 2s,,,,,,,,,,,
Do A,,,,,,,,,,,
A,68,8,10,6,3,-4.505685,7.295716,4.521238,-0.003665,0.029322,-0.040317
A,69,8,12,6,3,-4.505685,7.295716,4.521238,-0.003665,0.029322,-0.040317
A,68,8,11,6,4,-4.505685,7.295716,4.521238,-0.003665,0.029322,-0.040317
A,68,9,11,5,3,-4.505685,7.295716,4.521238,-0.003665,0.029322,-0.040317
A,69,9,11,3,3,-4.505685,7.295716,4.521238,-0.003665,0.029322,-0.040317
A,72,10,12,4,2,-4.505685,7.295716,4.521238,-0.003665,0.029322,-0.040317
A,75,11,15,5,3,-4.505685,7.295716,4.521238,-0.003665,0.029322,-0.040317
A,77,11,13,5,3,-4.505685,7.295716,4.521238,-0.003665,0.029322,-0.040317
A,76,9,14,4,2,-4.505685,7.295716,4.521238,-0.003665,0.029322,-0.040317
A,76,11,13,6,3,-4.505685,7.295716,4.521238,-0.003665,0.029322,-0.040317
Straighten your fingers,,,,,,,,,,,
Recording starts in 2s,,,,,,,,,,,
Do A,,,,,,,,,,,
A,67,8,10,4,4,-5.726025,5.748757,5.613562,-0.478918,-0.575435,0.477697
A,67,7,8,4,2,-5.726025,5.748757,5.613562,-0.478918,-0.575435,0.477697
A,66,8,10,4,3,-5.726025,5.748757,5.613562,-0.478918,-0.575435,0.477697
A,67,7,8,2,3,-5.726025,5.748757,5.613562,-0.478918,-0.575435,0.477697
A,66,7,8,4,2,-5.726025,5.748757,5.613562,-0.478918,-0.575435,0.477697
A,66,7,10,4,3,-5.726025,5.748757,5.613562,-0.478918,-0.575435,0.477697
A,67,7,10,3,3,-5.726025,5.748757,5.613562,-0.478918,-0.575435,0.477697
A,65,6,9,3,2,-5.726025,5.748757,5.613562,-0.478918,-0.575435,0.477697
A,68,7,10,4,2,-5.726025,5.748757,5.613562,-0.478918,-0.575435,0.477697
A,66,7,10,4,3,-5.726025,5.748757,5.613562,-0.478918,-0.575435,0.477697
Straighten your fingers,,,,,,,,,,,
Recording starts in 2s,,,,,,,,,,,
Do A,,,,,,,,,,,
A,74,9,9,6,5,-6.171089,6.771688,4.016353,0.21869,-0.173486,0.327424
A,66,10,10,7,6,-6.171089,6.771688,4.016353,0.21869,-0.173486,0.327424
A,93,7,9,9,5,-6.171089,6.771688,4.016353,0.21869,-0.173486,0.327424
A,65,8,9,7,6,-6.171089,6.771688,4.016353,0.21869,-0.173486,0.327424
A,65,8,10,7,5,-6.171089,6.771688,4.016353,0.21869,-0.173486,0.327424
A,64,8,9,7,5,-6.171089,6.771688,4.016353,0.21869,-0.173486,0.327424
A,65,8,9,7,5,-6.171089,6.771688,4.016353,0.21869,-0.173486,0.327424
A,65,9,10,9,5,-6.171089,6.771688,4.016353,0.21869,-0.173486,0.327424
A,67,10,12,11,6,-6.171089,6.771688,4.016353,0.21869,-0.173486,0.327424
A,68,10,13,9,6,-6.171089,6.771688,4.016353,0.21869,-0.173486,0.327424
Straighten your fingers,,,,,,,,,,,
Recording starts in 2s,,,,,,,,,,,
Do A,,,,,,,,,,,
A,69,10,15,13,8,-5.661418,4.652844,7.438089,0.547335,0.307876,-0.241903
A,69,9,15,14,8,-5.661418,4.652844,7.438089,0.547335,0.307876,-0.241903
A,69,10,15,13,7,-5.661418,4.652844,7.438089,0.547335,0.307876,-0.241903
A,68,11,13,13,6,-5.661418,4.652844,7.438089,0.547335,0.307876,-0.241903
A,69,10,15,12,8,-5.661418,4.652844,7.438089,0.547335,0.307876,-0.241903
A,69,11,15,12,9,-5.661418,4.652844,7.438089,0.547335,0.307876,-0.241903
A,68,11,14,12,8,-5.661418,4.652844,7.438089,0.547335,0.307876,-0.241903
A,66,10,15,11,7,-5.661418,4.652844,7.438089,0.547335,0.307876,-0.241903
A,68,10,15,12,8,-5.661418,4.652844,7.438089,0.547335,0.307876,-0.241903
A,69,10,15,9,8,-5.661418,4.652844,7.438089,0.547335,0.307876,-0.241903
Straighten your fingers,,,,,,,,,,,
Recording starts in 2s,,,,,,,,,,,
Do A,,,,,,,,,,,
A,67,10,13,14,7,4.281956,8.289934,1.85683,0.112399,-0.094073,0.023213
A,67,11,16,13,8,4.281956,8.289934,1.85683,0.112399,-0.094073,0.023213
A,153,10,16,15,8,4.281956,8.289934,1.85683,0.112399,-0.094073,0.023213
A,172,11,14,12,6,4.281956,8.289934,1.85683,0.112399,-0.094073,0.023213
A,178,10,15,14,8,4.281956,8.289934,1.85683,0.112399,-0.094073,0.023213
A,131,10,15,15,8,4.281956,8.289934,1.85683,0.112399,-0.094073,0.023213
A,67,10,15,12,7,4.281956,8.289934,1.85683,0.112399,-0.094073,0.023213
A,67,10,16,11,7,4.281956,8.289934,1.85683,0.112399,-0.094073,0.023213
A,66,11,13,13,8,4.281956,8.289934,1.85683,0.112399,-0.094073,0.023213
A,67,11,14,13,6,4.281956,8.289934,1.85683,0.112399,-0.094073,0.023213
Straighten your fingers,,,,,,,,,,,
Recording starts in 2s,,,,,,,,,,,
Do A,,,,,,,,,,,
A,68,10,16,12,7,0.679562,9.366704,1.082752,0.234572,-0.139277,-0.531453
A,67,10,16,10,7,0.679562,9.366704,1.082752,0.234572,-0.139277,-0.531453
A,68,9,15,13,8,0.679562,9.366704,1.082752,0.234572,-0.139277,-0.531453
A,69,10,16,13,7,0.679562,9.366704,1.082752,0.234572,-0.139277,-0.531453
A,65,9,16,15,8,0.679562,9.366704,1.082752,0.234572,-0.139277,-0.531453
A,68,11,15,12,7,0.679562,9.366704,1.082752,0.234572,-0.139277,-0.531453
A,67,11,15,12,5,0.679562,9.366704,1.082752,0.234572,-0.139277,-0.531453
A,67,10,14,13,9,0.679562,9.366704,1.082752,0.234572,-0.139277,-0.531453
A,67,11,15,12,9,0.679562,9.366704,1.082752,0.234572,-0.139277,-0.531453
A,66,11,15,14,7,0.679562,9.366704,1.082752,0.234572,-0.139277,-0.531453
Straighten your fingers,,,,,,,,,,,
Recording starts in 2s,,,,,,,,,,,
Do A,,,,,,,,,,,
A,64,10,15,12,7,-0.405583,6.819545,7.653443,-0.417832,0.967611,-0.124617
A,65,11,15,11,5,-0.405583,6.819545,7.653443,-0.417832,0.967611,-0.124617
A,66,10,15,11,7,-0.405583,6.819545,7.653443,-0.417832,0.967611,-0.124617
A,66,10,16,11,7,-0.405583,6.819545,7.653443,-0.417832,0.967611,-0.124617
A,66,10,16,12,7,-0.405583,6.819545,7.653443,-0.417832,0.967611,-0.124617
A,66,10,15,12,7,-0.405583,6.819545,7.653443,-0.417832,0.967611,-0.124617
A,64,11,16,11,8,-0.405583,6.819545,7.653443,-0.417832,0.967611,-0.124617
A,66,10,15,13,6,-0.405583,6.819545,7.653443,-0.417832,0.967611,-0.124617
A,66,11,15,12,8,-0.405583,6.819545,7.653443,-0.417832,0.967611,-0.124617
A,66,11,15,13,7,-0.405583,6.819545,7.653443,-0.417832,0.967611,-0.124617
Straighten your fingers,,,,,,,,,,,
Recording starts in 2s,,,,,,,,,,,
Do A,,,,,,,,,,,
A,66,10,15,13,7,-2.677569,5.672186,7.395019,-0.0281,0.050091,-0.043982
A,66,10,16,12,8,-2.677569,5.672186,7.395019,-0.0281,0.050091,-0.043982
A,66,9,15,13,7,-2.677569,5.672186,7.395019,-0.0281,0.050091,-0.043982
A,64,10,15,11,7,-2.677569,5.672186,7.395019,-0.0281,0.050091,-0.043982
A,66,10,15,11,5,-2.677569,5.672186,7.395019,-0.0281,0.050091,-0.043982
A,66,11,15,11,7,-2.677569,5.672186,7.395019,-0.0281,0.050091,-0.043982
A,66,9,15,12,7,-2.677569,5.672186,7.395019,-0.0281,0.050091,-0.043982
A,66,10,16,12,7,-2.677569,5.672186,7.395019,-0.0281,0.050091,-0.043982
A,66,10,16,12,7,-2.677569,5.672186,7.395019,-0.0281,0.050091,-0.043982
A,63,10,15,14,7,-2.677569,5.672186,7.395019,-0.0281,0.050091,-0.043982
Straighten your fingers,,,,,,,,,,,
Recording starts in 2s,,,,,,,,,,,
Do A,,,,,,,,,,,
A,51,7,11,12,7,-1.351945,6.558727,3.772285,0.287107,0.643852,2.053729
A,50,8,12,10,8,-1.351945,6.558727,3.772285,0.287107,0.643852,2.053729
A,50,7,12,10,8,-1.351945,6.558727,3.772285,0.287107,0.643852,2.053729
A,51,7,11,10,6,-1.351945,6.558727,3.772285,0.287107,0.643852,2.053729
A,47,8,11,6,6,-1.351945,6.558727,3.772285,0.287107,0.643852,2.053729
A,49,6,12,10,6,-1.351945,6.558727,3.772285,0.287107,0.643852,2.053729
A,48,9,11,8,6,-1.351945,6.558727,3.772285,0.287107,0.643852,2.053729
A,48,8,11,10,6,-1.351945,6.558727,3.772285,0.287107,0.643852,2.053729
A,48,8,10,7,5,-1.351945,6.558727,3.772285,0.287107,0.643852,2.053729
A,48,8,11,7,5,-1.351945,6.558727,3.772285,0.287107,0.643852,2.053729
Straighten your fingers,,,,,,,,,,,
Recording starts in 2s,,,,,,,,,,,
Do A,,,,,,,,,,,
A,43,7,11,8,5,-2.603391,7.923832,4.707879,0.045204,0.09163,-0.008552
A,45,8,9,7,6,-2.603391,7.923832,4.707879,0.045204,0.09163,-0.008552
A,45,7,11,10,5,-2.603391,7.923832,4.707879,0.045204,0.09163,-0.008552
A,44,7,10,9,3,-2.603391,7.923832,4.707879,0.045204,0.09163,-0.008552
A,43,7,10,5,5,-2.603391,7.923832,4.707879,0.045204,0.09163,-0.008552
A,43,7,11,5,5,-2.603391,7.923832,4.707879,0.045204,0.09163,-0.008552
A,43,7,10,6,5,-2.603391,7.923832,4.707879,0.045204,0.09163,-0.008552
A,44,8,9,7,4,-2.603391,7.923832,4.707879,0.045204,0.09163,-0.008552
A,43,7,9,5,5,-2.603391,7.923832,4.707879,0.045204,0.09163,-0.008552
A,43,7,11,6,5,-2.603391,7.923832,4.707879,0.045204,0.09163,-0.008552
Straighten your fingers,,,,,,,,,,,
Recording starts in 2s,,,,,,,,,,,
Do A,,,,,,,,,,,
A,41,7,10,6,5,-2.401197,8.702696,4.21735,-0.150273,-0.108734,0.067195
A,41,7,9,7,5,-2.401197,8.702696,4.21735,-0.150273,-0.108734,0.067195
A,42,8,10,7,5,-2.401197,8.702696,4.21735,-0.150273,-0.108734,0.067195
A,41,7,10,5,5,-2.401197,8.702696,4.21735,-0.150273,-0.108734,0.067195
A,39,7,10,8,5,-2.401197,8.702696,4.21735,-0.150273,-0.108734,0.067195
A,41,7,9,6,3,-2.401197,8.702696,4.21735,-0.150273,-0.108734,0.067195
A,39,6,10,7,5,-2.401197,8.702696,4.21735,-0.150273,-0.108734,0.067195
A,42,7,9,5,5,-2.401197,8.702696,4.21735,-0.150273,-0.108734,0.067195
A,41,7,10,6,5,-2.401197,8.702696,4.21735,-0.150273,-0.108734,0.067195
A,42,8,10,7,5,-2.401197,8.702696,4.21735,-0.150273,-0.108734,0.067195
Straighten your fingers,,,,,,,,,,,
Recording starts in 2s,,,,,,,,,,,
Do A,,,,,,,,,,,
A,41,7,11,6,5,-1.0337,8.134401,5.040481,-0.023213,0.021991,0.012217
A,42,7,10,9,5,-1.0337,8.134401,5.040481,-0.023213,0.021991,0.012217
A,41,7,11,7,5,-1.0337,8.134401,5.040481,-0.023213,0.021991,0.012217
A,42,8,10,9,5,-1.0337,8.134401,5.040481,-0.023213,0.021991,0.012217
A,41,7,11,6,5,-1.0337,8.134401,5.040481,-0.023213,0.021991,0.012217
A,41,8,10,7,4,-1.0337,8.134401,5.040481,-0.023213,0.021991,0.012217
A,41,7,11,7,5,-1.0337,8.134401,5.040481,-0.023213,0.021991,0.012217
A,41,7,10,6,5,-1.0337,8.134401,5.040481,-0.023213,0.021991,0.012217
A,41,7,11,7,6,-1.0337,8.134401,5.040481,-0.023213,0.021991,0.012217
A,41,7,11,7,5,-1.0337,8.134401,5.040481,-0.023213,0.021991,0.012217
Straighten your fingers,,,,,,,,,,,
Recording starts in 2s,,,,,,,,,,,
Do A,,,,,,,,,,,
A,41,6,10,7,3,-1.255036,8.257631,4.765306,-0.014661,-0.00733,0.041539
A,40,7,9,7,5,-1.255036,8.257631,4.765306,-0.014661,-0.00733,0.041539
A,39,7,11,6,5,-1.255036,8.257631,4.765306,-0.014661,-0.00733,0.041539
A,42,7,10,5,5,-1.255036,8.257631,4.765306,-0.014661,-0.00733,0.041539
A,41,8,10,7,5,-1.255036,8.257631,4.765306,-0.014661,-0.00733,0.041539
A,40,6,10,7,3,-1.255036,8.257631,4.765306,-0.014661,-0.00733,0.041539
A,40,7,8,7,5,-1.255036,8.257631,4.765306,-0.014661,-0.00733,0.041539
A,40,7,9,7,5,-1.255036,8.257631,4.765306,-0.014661,-0.00733,0.041539
A,40,6,9,9,5,-1.255036,8.257631,4.765306,-0.014661,-0.00733,0.041539
A,40,7,9,7,5,-1.255036,8.257631,4.765306,-0.014661,-0.00733,0.041539
Straighten your fingers,,,,,,,,,,,
Recording starts in 2s,,,,,,,,,,,
Do A,,,,,,,,,,,
A,59,6,6,5,5,-3.501896,8.565108,4.102495,-0.636522,-0.004887,0.265115
A,55,6,7,2,5,-3.501896,8.565108,4.102495,-0.636522,-0.004887,0.265115
A,57,6,8,5,6,-3.501896,8.565108,4.102495,-0.636522,-0.004887,0.265115
A,58,7,7,5,4,-3.501896,8.565108,4.102495,-0.636522,-0.004887,0.265115
A,59,6,7,5,5,-3.501896,8.565108,4.102495,-0.636522,-0.004887,0.265115
A,58,6,7,4,4,-3.501896,8.565108,4.102495,-0.636522,-0.004887,0.265115
A,58,5,6,5,5,-3.501896,8.565108,4.102495,-0.636522,-0.004887,0.265115
A,59,6,7,6,3,-3.501896,8.565108,4.102495,-0.636522,-0.004887,0.265115
A,58,6,8,4,3,-3.501896,8.565108,4.102495,-0.636522,-0.004887,0.265115
A,56,6,6,3,5,-3.501896,8.565108,4.102495,-0.636522,-0.004887,0.265115
Straighten your fingers,,,,,,,,,,,
Recording starts in 2s,,,,,,,,,,,
Do A,,,,,,,,,,,
A,55,5,8,4,4,-1.735993,8.71107,3.699304,0.0562,-0.045204,0.020769
A,55,6,7,5,5,-1.735993,8.71107,3.699304,0.0562,-0.045204,0.020769
A,52,5,7,4,3,-1.735993,8.71107,3.699304,0.0562,-0.045204,0.020769
A,55,5,8,2,4,-1.735993,8.71107,3.699304,0.0562,-0.045204,0.020769
A,55,5,8,5,4,-1.735993,8.71107,3.699304,0.0562,-0.045204,0.020769
A,55,6,6,5,4,-1.735993,8.71107,3.699304,0.0562,-0.045204,0.020769
A,52,4,7,5,3,-1.735993,8.71107,3.699304,0.0562,-0.045204,0.020769
A,55,5,7,4,5,-1.735993,8.71107,3.699304,0.0562,-0.045204,0.020769
A,55,6,6,3,4,-1.735993,8.71107,3.699304,0.0562,-0.045204,0.020769
A,55,4,7,4,3,-1.735993,8.71107,3.699304,0.0562,-0.045204,0.020769
Straighten your fingers,,,,,,,,,,,
Recording starts in 2s,,,,,,,,,,,
Do A,,,,,,,,,,,
A,55,6,6,3,4,-1.829313,8.447861,4.067799,-0.03543,-0.017104,-0.021991
A,54,5,8,5,5,-1.829313,8.447861,4.067799,-0.03543,-0.017104,-0.021991
A,55,6,6,6,2,-1.829313,8.447861,4.067799,-0.03543,-0.017104,-0.021991
A,55,6,8,5,5,-1.829313,8.447861,4.067799,-0.03543,-0.017104,-0.021991
A,55,6,6,5,5,-1.829313,8.447861,4.067799,-0.03543,-0.017104,-0.021991
A,53,6,5,5,4,-1.829313,8.447861,4.067799,-0.03543,-0.017104,-0.021991
A,55,5,8,5,5,-1.829313,8.447861,4.067799,-0.03543,-0.017104,-0.021991
A,54,5,6,5,4,-1.829313,8.447861,4.067799,-0.03543,-0.017104,-0.021991
A,54,6,6,2,4,-1.829313,8.447861,4.067799,-0.03543,-0.017104,-0.021991
A,54,5,7,2,4,-1.829313,8.447861,4.067799,-0.03543,-0.017104,-0.021991
Straighten your fingers,,,,,,,,,,,
Recording starts in 2s,,,,,,,,,,,
Do A,,,,,,,,,,,
A,54,5,7,4,4,-1.820938,8.486146,4.09053,-0.004887,-0.012217,0.012217
A,53,6,7,5,5,-1.820938,8.486146,4.09053,-0.004887,-0.012217,0.012217
A,54,6,7,4,2,-1.820938,8.486146,4.09053,-0.004887,-0.012217,0.012217
A,54,6,6,6,4,-1.820938,8.486146,4.09053,-0.004887,-0.012217,0.012217
A,54,5,8,3,4,-1.820938,8.486146,4.09053,-0.004887,-0.012217,0.012217
A,53,4,7,5,5,-1.820938,8.486146,4.09053,-0.004887,-0.012217,0.012217
A,53,6,6,4,5,-1.820938,8.486146,4.09053,-0.004887,-0.012217,0.012217
A,52,6,6,5,4,-1.820938,8.486146,4.09053,-0.004887,-0.012217,0.012217
A,54,6,5,5,5,-1.820938,8.486146,4.09053,-0.004887,-0.012217,0.012217
A,54,5,8,2,4,-1.820938,8.486146,4.09053,-0.004887,-0.012217,0.012217
Straighten your fingers,,,,,,,,,,,
Recording starts in 2s,,,,,,,,,,,
Do A,,,,,,,,,,,
A,53,5,8,5,4,-2.009971,8.437093,4.037888,-0.009774,0.023213,0.015882
A,53,6,8,3,4,-2.009971,8.437093,4.037888,-0.009774,0.023213,0.015882
A,53,6,8,5,5,-2.009971,8.437093,4.037888,-0.009774,0.023213,0.015882
A,52,5,6,3,4,-2.009971,8.437093,4.037888,-0.009774,0.023213,0.015882
A,54,6,7,3,4,-2.009971,8.437093,4.037888,-0.009774,0.023213,0.015882
A,54,6,6,4,5,-2.009971,8.437093,4.037888,-0.009774,0.023213,0.015882
A,53,6,7,6,4,-2.009971,8.437093,4.037888,-0.009774,0.023213,0.015882
A,53,5,5,4,5,-2.009971,8.437093,4.037888,-0.009774,0.023213,0.015882
A,52,6,7,2,4,-2.009971,8.437093,4.037888,-0.009774,0.023213,0.015882
A,53,6,7,4,4,-2.009971,8.437093,4.037888,-0.009774,0.023213,0.015882
Straighten your fingers,,,,,,,,,,,
Recording starts in 2s,,,,,,,,,,,
Do A,,,,,,,,,,,
A,52,5,6,6,4,-1.842474,8.325827,4.17069,0.0281,-0.001222,0.031765
A,53,4,7,4,2,-1.842474,8.325827,4.17069,0.0281,-0.001222,0.031765
A,54,6,6,4,5,-1.842474,8.325827,4.17069,0.0281,-0.001222,0.031765
A,53,5,6,3,4,-1.842474,8.325827,4.17069,0.0281,-0.001222,0.031765
A,53,5,7,6,4,-1.842474,8.325827,4.17069,0.0281,-0.001222,0.031765
A,54,4,6,5,5,-1.842474,8.325827,4.17069,0.0281,-0.001222,0.031765
A,54,6,5,4,5,-1.842474,8.325827,4.17069,0.0281,-0.001222,0.031765
A,53,6,7,2,4,-1.842474,8.325827,4.17069,0.0281,-0.001222,0.031765
A,54,4,7,4,3,-1.842474,8.325827,4.17069,0.0281,-0.001222,0.031765
A,53,6,8,5,4,-1.842474,8.325827,4.17069,0.0281,-0.001222,0.031765
Straighten your fingers,,,,,,,,,,,
Recording starts in 2s,,,,,,,,,,,
Do A,,,,,,,,,,,
A,47,5,6,5,5,-0.898505,8.471789,4.266403,0.017104,-0.026878,-0.023213
A,34,8,9,6,5,-0.898505,8.471789,4.266403,0.017104,-0.026878,-0.023213
A,27,8,10,6,3,-0.898505,8.471789,4.266403,0.017104,-0.026878,-0.023213
A,31,7,8,5,4,-0.898505,8.471789,4.266403,0.017104,-0.026878,-0.023213
A,34,7,9,6,5,-0.898505,8.471789,4.266403,0.017104,-0.026878,-0.023213
A,34,7,9,5,5,-0.898505,8.471789,4.266403,0.017104,-0.026878,-0.023213
A,34,7,10,6,5,-0.898505,8.471789,4.266403,0.017104,-0.026878,-0.023213
A,34,7,10,6,6,-0.898505,8.471789,4.266403,0.017104,-0.026878,-0.023213
A,31,7,8,6,5,-0.898505,8.471789,4.266403,0.017104,-0.026878,-0.023213
A,34,7,9,4,5,-0.898505,8.471789,4.266403,0.017104,-0.026878,-0.023213
Straighten your fingers,,,,,,,,,,,
Recording starts in 2s,,,,,,,,,,,
Do A,,,,,,,,,,,
A,51,6,11,11,7,-3.505485,7.80778,4.32742,-0.03543,-0.123395,0.15516
A,51,8,10,11,7,-3.505485,7.80778,4.32742,-0.03543,-0.123395,0.15516
A,49,7,11,11,10,-3.505485,7.80778,4.32742,-0.03543,-0.123395,0.15516
A,49,8,11,12,9,-3.505485,7.80778,4.32742,-0.03543,-0.123395,0.15516
A,49,8,11,11,7,-3.505485,7.80778,4.32742,-0.03543,-0.123395,0.15516
A,49,8,11,12,10,-3.505485,7.80778,4.32742,-0.03543,-0.123395,0.15516
A,49,7,12,9,9,-3.505485,7.80778,4.32742,-0.03543,-0.123395,0.15516
A,47,8,11,11,9,-3.505485,7.80778,4.32742,-0.03543,-0.123395,0.15516
A,49,7,11,11,9,-3.505485,7.80778,4.32742,-0.03543,-0.123395,0.15516
A,46,8,11,10,9,-3.505485,7.80778,4.32742,-0.03543,-0.123395,0.15516
Straighten your fingers,,,,,,,,,,,
Recording starts in 2s,,,,,,,,,,,
Do A,,,,,,,,,,,
A,46,7,10,10,7,-10.130014,-0.090927,-0.660419,-0.796568,-0.150273,0.509462
A,20,9,12,9,5,-10.130014,-0.090927,-0.660419,-0.796568,-0.150273,0.509462
A,17,10,11,6,5,-10.130014,-0.090927,-0.660419,-0.796568,-0.150273,0.509462
A,25,8,10,8,6,-10.130014,-0.090927,-0.660419,-0.796568,-0.150273,0.509462
A,25,9,9,6,5,-10.130014,-0.090927,-0.660419,-0.796568,-0.150273,0.509462
A,26,9,11,6,5,-10.130014,-0.090927,-0.660419,-0.796568,-0.150273,0.509462
A,39,8,9,3,5,-10.130014,-0.090927,-0.660419,-0.796568,-0.150273,0.509462
A,41,8,10,6,6,-10.130014,-0.090927,-0.660419,-0.796568,-0.150273,0.509462
A,41,8,9,6,6,-10.130014,-0.090927,-0.660419,-0.796568,-0.150273,0.509462
A,40,7,11,6,5,-10.130014,-0.090927,-0.660419,-0.796568,-0.150273,0.509462
Straighten your fingers,,,,,,,,,,,
Recording starts in 2s,,,,,,,,,,,
Do A,,,,,,,,,,,
A,17,7,9,4,5,-0.208176,8.359326,7.63789,0.078191,0.514349,1.012815
A,23,7,7,3,5,-0.208176,8.359326,7.63789,0.078191,0.514349,1.012815
A,26,6,8,6,5,-0.208176,8.359326,7.63789,0.078191,0.514349,1.012815
A,41,5,9,6,5,-0.208176,8.359326,7.63789,0.078191,0.514349,1.012815
A,43,4,9,6,7,-0.208176,8.359326,7.63789,0.078191,0.514349,1.012815
A,45,4,8,6,6,-0.208176,8.359326,7.63789,0.078191,0.514349,1.012815
A,49,4,9,5,7,-0.208176,8.359326,7.63789,0.078191,0.514349,1.012815
A,46,6,8,6,7,-0.208176,8.359326,7.63789,0.078191,0.514349,1.012815
A,42,7,9,6,7,-0.208176,8.359326,7.63789,0.078191,0.514349,1.012815
A,47,6,9,4,6,-0.208176,8.359326,7.63789,0.078191,0.514349,1.012815
Straighten your fingers,,,,,,,,,,,
Recording starts in 2s,,,,,,,,,,,
Do A,,,,,,,,,,,
A,1,2,3,1,3,-9.291331,2.852245,4.025924,0.036652,-0.477697,-0.191812
A,0,2,3,1,3,-9.291331,2.852245,4.025924,0.036652,-0.477697,-0.191812
A,0,0,2,0,2,-9.291331,2.852245,4.025924,0.036652,-0.477697,-0.191812
A,1,2,3,1,2,-9.291331,2.852245,4.025924,0.036652,-0.477697,-0.191812
A,23,1,3,0,3,-9.291331,2.852245,4.025924,0.036652,-0.477697,-0.191812
A,69,4,6,4,3,-9.291331,2.852245,4.025924,0.036652,-0.477697,-0.191812
A,76,8,9,4,2,-9.291331,2.852245,4.025924,0.036652,-0.477697,-0.191812
A,76,9,12,3,4,-9.291331,2.852245,4.025924,0.036652,-0.477697,-0.191812
A,73,10,11,2,4,-9.291331,2.852245,4.025924,0.036652,-0.477697,-0.191812
A,74,10,10,4,5,-9.291331,2.852245,4.025924,0.036652,-0.477697,-0.191812
Straighten your fingers,,,,,,,,,,,
Recording starts in 2s,,,,,,,,,,,
Do A,,,,,,,,,,,
A,66,8,7,4,5,-6.629315,4.977071,3.205186,0.123395,0.010996,-0.228464
A,74,7,11,5,4,-6.629315,4.977071,3.205186,0.123395,0.010996,-0.228464
A,73,7,12,5,4,-6.629315,4.977071,3.205186,0.123395,0.010996,-0.228464
A,71,6,11,6,5,-6.629315,4.977071,3.205186,0.123395,0.010996,-0.228464
A,71,7,11,7,2,-6.629315,4.977071,3.205186,0.123395,0.010996,-0.228464
A,68,7,10,6,4,-6.629315,4.977071,3.205186,0.123395,0.010996,-0.228464
A,65,7,11,7,4,-6.629315,4.977071,3.205186,0.123395,0.010996,-0.228464
A,66,8,10,6,4,-6.629315,4.977071,3.205186,0.123395,0.010996,-0.228464
A,67,7,11,4,5,-6.629315,4.977071,3.205186,0.123395,0.010996,-0.228464
A,67,7,11,6,5,-6.629315,4.977071,3.205186,0.123395,0.010996,-0.228464
Straighten your fingers,,,,,,,,,,,
Recording starts in 2s,,,,,,,,,,,
Do A,,,,,,,,,,,
A,63,7,11,6,4,0.226122,9.682557,2.435893,0.068417,0.059865,-0.059865
A,63,8,11,6,2,0.226122,9.682557,2.435893,0.068417,0.059865,-0.059865
A,62,7,11,6,5,0.226122,9.682557,2.435893,0.068417,0.059865,-0.059865
A,62,8,11,7,4,0.226122,9.682557,2.435893,0.068417,0.059865,-0.059865
A,63,9,9,6,5,0.226122,9.682557,2.435893,0.068417,0.059865,-0.059865
A,62,8,10,6,5,0.226122,9.682557,2.435893,0.068417,0.059865,-0.059865
A,62,7,11,7,4,0.226122,9.682557,2.435893,0.068417,0.059865,-0.059865
A,62,7,11,6,4,0.226122,9.682557,2.435893,0.068417,0.059865,-0.059865
A,62,7,11,6,4,0.226122,9.682557,2.435893,0.068417,0.059865,-0.059865
A,63,8,10,5,4,0.226122,9.682557,2.435893,0.068417,0.059865,-0.059865
Straighten your fingers,,,,,,,,,,,
Recording starts in 2s,,,,,,,,,,,
Do A,,,,,,,,,,,
A,62,7,11,5,5,-0.652044,8.96471,3.404987,-0.020769,-0.036652,-0.001222
A,69,8,9,6,4,-0.652044,8.96471,3.404987,-0.020769,-0.036652,-0.001222
A,59,8,11,5,3,-0.652044,8.96471,3.404987,-0.020769,-0.036652,-0.001222
A,62,7,11,5,4,-0.652044,8.96471,3.404987,-0.020769,-0.036652,-0.001222
A,62,6,10,7,4,-0.652044,8.96471,3.404987,-0.020769,-0.036652,-0.001222
A,62,7,11,6,4,-0.652044,8.96471,3.404987,-0.020769,-0.036652,-0.001222
A,62,8,10,6,4,-0.652044,8.96471,3.404987,-0.020769,-0.036652,-0.001222
A,61,7,10,3,4,-0.652044,8.96471,3.404987,-0.020769,-0.036652,-0.001222
A,61,7,11,6,5,-0.652044,8.96471,3.404987,-0.020769,-0.036652,-0.001222
A,97,7,10,4,5,-0.652044,8.96471,3.404987,-0.020769,-0.036652,-0.001222
Straighten your fingers,,,,,,,,,,,
Recording starts in 2s,,,,,,,,,,,
Do A,,,,,,,,,,,
A,40,6,7,4,5,0.143569,8.909675,3.805784,0.037874,0.025656,-0.097738
A,45,6,7,2,4,0.143569,8.909675,3.805784,0.037874,0.025656,-0.097738
A,60,6,8,3,4,0.143569,8.909675,3.805784,0.037874,0.025656,-0.097738
A,74,7,7,2,3,0.143569,8.909675,3.805784,0.037874,0.025656,-0.097738
A,88,5,11,3,4,0.143569,8.909675,3.805784,0.037874,0.025656,-0.097738
A,89,9,11,3,4,0.143569,8.909675,3.805784,0.037874,0.025656,-0.097738
A,85,9,11,3,4,0.143569,8.909675,3.805784,0.037874,0.025656,-0.097738
A,84,9,11,3,5,0.143569,8.909675,3.805784,0.037874,0.025656,-0.097738
A,82,9,12,4,4,0.143569,8.909675,3.805784,0.037874,0.025656,-0.097738
A,81,9,9,3,5,0.143569,8.909675,3.805784,0.037874,0.025656,-0.097738
Straighten your fingers,,,,,,,,,,,
Recording starts in 2s,,,,,,,,,,,
Do A,,,,,,,,,,,
A,68,2,3,3,2,-0.687937,8.612965,3.802195,-0.026878,-0.010996,0.008552
A,67,2,4,3,3,-0.687937,8.612965,3.802195,-0.026878,-0.010996,0.008552
A,66,1,2,1,4,-0.687937,8.612965,3.802195,-0.026878,-0.010996,0.008552
A,66,2,5,2,3,-0.687937,8.612965,3.802195,-0.026878,-0.010996,0.008552
A,67,2,4,3,3,-0.687937,8.612965,3.802195,-0.026878,-0.010996,0.008552
A,66,3,4,1,4,-0.687937,8.612965,3.802195,-0.026878,-0.010996,0.008552
A,66,2,4,2,3,-0.687937,8.612965,3.802195,-0.026878,-0.010996,0.008552
A,66,2,3,3,3,-0.687937,8.612965,3.802195,-0.026878,-0.010996,0.008552
A,67,3,5,0,3,-0.687937,8.612965,3.802195,-0.026878,-0.010996,0.008552
A,69,3,5,1,3,-0.687937,8.612965,3.802195,-0.026878,-0.010996,0.008552
Straighten your fingers,,,,,,,,,,,
Recording starts in 2s,,,,,,,,,,,
Do A,,,,,,,,,,,
A,69,10,12,9,5,-0.891326,5.796613,3.826123,-0.182038,-0.605978,-1.577254
A,67,10,15,7,5,-0.891326,5.796613,3.826123,-0.182038,-0.605978,-1.577254
A,69,11,15,9,5,-0.891326,5.796613,3.826123,-0.182038,-0.605978,-1.577254
A,70,10,15,9,5,-0.891326,5.796613,3.826123,-0.182038,-0.605978,-1.577254
A,69,10,15,8,5,-0.891326,5.796613,3.826123,-0.182038,-0.605978,-1.577254
A,69,9,14,10,5,-0.891326,5.796613,3.826123,-0.182038,-0.605978,-1.577254
A,69,10,14,9,4,-0.891326,5.796613,3.826123,-0.182038,-0.605978,-1.577254
A,69,11,15,10,5,-0.891326,5.796613,3.826123,-0.182038,-0.605978,-1.577254
A,69,10,14,6,5,-0.891326,5.796613,3.826123,-0.182038,-0.605978,-1.577254
A,66,10,15,9,5,-0.891326,5.796613,3.826123,-0.182038,-0.605978,-1.577254
Straighten your fingers,,,,,,,,,,,
Recording starts in 2s,,,,,,,,,,,
