,Unnamed: 0,1,2,3,4,5,6,7,8,9,10,11
1,1,9,3,37,32,58,0.575474,7.986046,4.829913,0.92485,0.136834,-0.390954
2,2,7,2,40,32,52,0.575474,7.986046,4.829913,0.92485,0.136834,-0.390954
3,3,9,3,40,33,55,0.575474,7.986046,4.829913,0.92485,0.136834,-0.390954
4,4,9,3,40,35,55,0.575474,7.986046,4.829913,0.92485,0.136834,-0.390954
5,5,8,4,38,33,58,0.575474,7.986046,4.829913,0.92485,0.136834,-0.390954
6,6,8,3,40,33,55,0.575474,7.986046,4.829913,0.92485,0.136834,-0.390954
7,7,9,3,39,33,49,0.575474,7.986046,4.829913,0.92485,0.136834,-0.390954
8,8,9,3,39,33,50,0.575474,7.986046,4.829913,0.92485,0.136834,-0.390954
9,9,8,4,38,29,54,0.575474,7.986046,4.829913,0.92485,0.136834,-0.390954
10,10,9,3,37,32,53,0.575474,7.986046,4.829913,0.92485,0.136834,-0.390954
11,11,13,3,41,36,48,2.021935,7.94776,4.709075,-0.00733,-0.0562,-0.002443
12,12,15,2,41,35,48,2.021935,7.94776,4.709075,-0.00733,-0.0562,-0.002443
13,13,13,2,41,36,47,2.021935,7.94776,4.709075,-0.00733,-0.0562,-0.002443
14,14,13,2,42,33,49,2.021935,7.94776,4.709075,-0.00733,-0.0562,-0.002443
15,15,15,3,42,35,47,2.021935,7.94776,4.709075,-0.00733,-0.0562,-0.002443
16,16,12,3,41,35,47,2.021935,7.94776,4.709075,-0.00733,-0.0562,-0.002443
17,17,15,3,41,37,50,2.021935,7.94776,4.709075,-0.00733,-0.0562,-0.002443
18,18,13,3,43,37,48,2.021935,7.94776,4.709075,-0.00733,-0.0562,-0.002443
19,19,15,2,42,39,47,2.021935,7.94776,4.709075,-0.00733,-0.0562,-0.002443
20,20,15,2,45,37,47,2.021935,7.94776,4.709075,-0.00733,-0.0562,-0.002443
21,21,30,3,45,39,46,3.002992,7.356733,5.580062,-0.017104,0.008552,0.012217
22,22,33,3,54,44,42,3.002992,7.356733,5.580062,-0.017104,0.008552,0.012217
23,23,39,3,56,45,44,3.002992,7.356733,5.580062,-0.017104,0.008552,0.012217
24,24,46,2,55,47,43,3.002992,7.356733,5.580062,-0.017104,0.008552,0.012217
25,25,53,2,56,48,45,3.002992,7.356733,5.580062,-0.017104,0.008552,0.012217
26,26,53,2,55,48,43,3.002992,7.356733,5.580062,-0.017104,0.008552,0.012217
27,27,49,3,53,47,44,3.002992,7.356733,5.580062,-0.017104,0.008552,0.012217
28,28,46,2,52,49,42,3.002992,7.356733,5.580062,-0.017104,0.008552,0.012217
29,29,40,4,52,47,41,3.002992,7.356733,5.580062,-0.017104,0.008552,0.012217
30,30,28,4,45,39,41,3.002992,7.356733,5.580062,-0.017104,0.008552,0.012217
31,31,13,2,36,35,45,1.171287,7.975278,5.32762,0.009774,0.068417,0.00733
32,32,13,2,37,35,45,1.171287,7.975278,5.32762,0.009774,0.068417,0.00733
33,33,11,2,36,35,42,1.171287,7.975278,5.32762,0.009774,0.068417,0.00733
34,34,15,2,38,35,45,1.171287,7.975278,5.32762,0.009774,0.068417,0.00733
35,35,16,2,38,38,45,1.171287,7.975278,5.32762,0.009774,0.068417,0.00733
36,36,14,3,37,33,44,1.171287,7.975278,5.32762,0.009774,0.068417,0.00733
37,37,13,3,38,37,45,1.171287,7.975278,5.32762,0.009774,0.068417,0.00733
38,38,15,3,35,38,45,1.171287,7.975278,5.32762,0.009774,0.068417,0.00733
39,39,13,4,38,38,45,1.171287,7.975278,5.32762,0.009774,0.068417,0.00733
40,40,13,4,41,40,45,1.171287,7.975278,5.32762,0.009774,0.068417,0.00733
41,41,18,3,41,42,35,1.344766,8.066205,4.883751,0.030543,0.0281,0.036652
42,42,18,3,42,44,41,1.344766,8.066205,4.883751,0.030543,0.0281,0.036652
43,43,19,2,39,40,39,1.344766,8.066205,4.883751,0.030543,0.0281,0.036652
44,44,16,4,41,43,39,1.344766,8.066205,4.883751,0.030543,0.0281,0.036652
45,45,19,2,39,41,39,1.344766,8.066205,4.883751,0.030543,0.0281,0.036652
46,46,16,4,40,42,39,1.344766,8.066205,4.883751,0.030543,0.0281,0.036652
47,47,19,5,38,45,39,1.344766,8.066205,4.883751,0.030543,0.0281,0.036652
48,48,18,4,41,45,39,1.344766,8.066205,4.883751,0.030543,0.0281,0.036652
49,49,18,3,42,43,37,1.344766,8.066205,4.883751,0.030543,0.0281,0.036652
50,50,18,5,41,45,39,1.344766,8.066205,4.883751,0.030543,0.0281,0.036652
51,51,16,4,44,45,40,0.711865,8.41436,4.555934,-0.025656,0.051313,0.012217
52,52,15,4,37,44,39,0.711865,8.41436,4.555934,-0.025656,0.051313,0.012217
53,53,13,5,40,45,39,0.711865,8.41436,4.555934,-0.025656,0.051313,0.012217
54,54,15,5,41,45,38,0.711865,8.41436,4.555934,-0.025656,0.051313,0.012217
55,55,15,5,41,46,38,0.711865,8.41436,4.555934,-0.025656,0.051313,0.012217
56,56,12,5,39,47,43,0.711865,8.41436,4.555934,-0.025656,0.051313,0.012217
57,57,8,5,38,43,59,0.711865,8.41436,4.555934,-0.025656,0.051313,0.012217
58,58,7,6,37,41,59,0.711865,8.41436,4.555934,-0.025656,0.051313,0.012217
59,59,6,6,38,40,57,0.711865,8.41436,4.555934,-0.025656,0.051313,0.012217
60,60,7,6,37,40,57,0.711865,8.41436,4.555934,-0.025656,0.051313,0.012217
61,61,16,5,45,45,34,2.01356,9.140583,1.861616,-0.065973,0.062308,0.059865
62,62,16,6,45,45,33,2.01356,9.140583,1.861616,-0.065973,0.062308,0.059865
63,63,16,6,43,42,38,2.01356,9.140583,1.861616,-0.065973,0.062308,0.059865
64,64,16,6,43,42,36,2.01356,9.140583,1.861616,-0.065973,0.062308,0.059865
65,65,13,5,42,40,37,2.01356,9.140583,1.861616,-0.065973,0.062308,0.059865
66,66,16,6,42,36,38,2.01356,9.140583,1.861616,-0.065973,0.062308,0.059865
67,67,15,5,41,38,38,2.01356,9.140583,1.861616,-0.065973,0.062308,0.059865
68,68,16,4,38,38,36,2.01356,9.140583,1.861616,-0.065973,0.062308,0.059865
69,69,16,3,41,39,37,2.01356,9.140583,1.861616,-0.065973,0.062308,0.059865
70,70,16,5,41,43,36,2.01356,9.140583,1.861616,-0.065973,0.062308,0.059865
71,71,4,-1,-1,0,0,1.282553,8.962317,2.75055,-0.029322,0.013439,0.030543
72,72,12,1,21,15,9,1.282553,8.962317,2.75055,-0.029322,0.013439,0.030543
73,73,24,8,55,54,43,1.282553,8.962317,2.75055,-0.029322,0.013439,0.030543
74,74,20,7,46,48,39,1.282553,8.962317,2.75055,-0.029322,0.013439,0.030543
75,75,17,7,46,42,38,1.282553,8.962317,2.75055,-0.029322,0.013439,0.030543
76,76,17,8,46,43,37,1.282553,8.962317,2.75055,-0.029322,0.013439,0.030543
77,77,16,8,45,43,35,1.282553,8.962317,2.75055,-0.029322,0.013439,0.030543
78,78,15,6,46,42,37,1.282553,8.962317,2.75055,-0.029322,0.013439,0.030543
79,79,16,8,43,41,35,1.282553,8.962317,2.75055,-0.029322,0.013439,0.030543
80,80,13,6,45,43,34,1.282553,8.962317,2.75055,-0.029322,0.013439,0.030543
81,81,14,8,43,35,28,1.767099,8.991032,2.870191,0.008552,0.009774,0.015882
82,82,14,7,43,36,27,1.767099,8.991032,2.870191,0.008552,0.009774,0.015882
83,83,14,9,44,36,28,1.767099,8.991032,2.870191,0.008552,0.009774,0.015882
84,84,12,7,44,36,27,1.767099,8.991032,2.870191,0.008552,0.009774,0.015882
85,85,13,6,45,35,30,1.767099,8.991032,2.870191,0.008552,0.009774,0.015882
86,86,14,7,45,35,27,1.767099,8.991032,2.870191,0.008552,0.009774,0.015882
87,87,14,6,43,37,28,1.767099,8.991032,2.870191,0.008552,0.009774,0.015882
88,88,13,8,43,36,28,1.767099,8.991032,2.870191,0.008552,0.009774,0.015882
89,89,12,7,43,31,27,1.767099,8.991032,2.870191,0.008552,0.009774,0.015882
90,90,14,9,43,35,27,1.767099,8.991032,2.870191,0.008552,0.009774,0.015882
91,91,48,9,52,53,25,1.741975,8.737391,2.958725,-0.11973,0.284663,0.19059
92,92,49,10,51,53,29,1.741975,8.737391,2.958725,-0.11973,0.284663,0.19059
93,93,50,9,50,54,28,1.741975,8.737391,2.958725,-0.11973,0.284663,0.19059
94,94,50,8,49,53,29,1.741975,8.737391,2.958725,-0.11973,0.284663,0.19059
95,95,48,9,54,52,29,1.741975,8.737391,2.958725,-0.11973,0.284663,0.19059
96,96,50,8,50,54,30,1.741975,8.737391,2.958725,-0.11973,0.284663,0.19059
97,97,50,6,50,50,30,1.741975,8.737391,2.958725,-0.11973,0.284663,0.19059
98,98,50,8,47,52,29,1.741975,8.737391,2.958725,-0.11973,0.284663,0.19059
99,99,51,7,47,54,30,1.741975,8.737391,2.958725,-0.11973,0.284663,0.19059
100,100,51,5,50,50,30,1.741975,8.737391,2.958725,-0.11973,0.284663,0.19059
101,101,48,6,51,53,30,1.066003,8.855837,3.528217,-0.004887,-0.008552,0.004887
102,102,48,7,50,53,28,1.066003,8.855837,3.528217,-0.004887,-0.008552,0.004887
103,103,48,6,50,54,28,1.066003,8.855837,3.528217,-0.004887,-0.008552,0.004887
104,104,48,6,49,48,28,1.066003,8.855837,3.528217,-0.004887,-0.008552,0.004887
105,105,48,7,50,54,28,1.066003,8.855837,3.528217,-0.004887,-0.008552,0.004887
106,106,47,6,50,49,28,1.066003,8.855837,3.528217,-0.004887,-0.008552,0.004887
107,107,47,6,51,50,28,1.066003,8.855837,3.528217,-0.004887,-0.008552,0.004887
108,108,48,6,49,55,28,1.066003,8.855837,3.528217,-0.004887,-0.008552,0.004887
109,109,49,6,49,53,30,1.066003,8.855837,3.528217,-0.004887,-0.008552,0.004887
110,110,48,5,50,53,28,1.066003,8.855837,3.528217,-0.004887,-0.008552,0.004887
111,111,23,10,49,45,24,3.388237,9.956535,0.867398,-0.112399,-0.276111,-0.095295
112,112,24,11,45,45,27,3.388237,9.956535,0.867398,-0.112399,-0.276111,-0.095295
113,113,23,8,46,44,22,3.388237,9.956535,0.867398,-0.112399,-0.276111,-0.095295
114,114,23,7,46,45,27,3.388237,9.956535,0.867398,-0.112399,-0.276111,-0.095295
115,115,23,9,45,42,27,3.388237,9.956535,0.867398,-0.112399,-0.276111,-0.095295
116,116,22,6,46,43,28,3.388237,9.956535,0.867398,-0.112399,-0.276111,-0.095295
117,117,23,8,46,43,28,3.388237,9.956535,0.867398,-0.112399,-0.276111,-0.095295
118,118,24,7,47,43,28,3.388237,9.956535,0.867398,-0.112399,-0.276111,-0.095295
119,119,24,7,43,44,27,3.388237,9.956535,0.867398,-0.112399,-0.276111,-0.095295
120,120,22,5,45,41,27,3.388237,9.956535,0.867398,-0.112399,-0.276111,-0.095295
121,121,25,9,41,41,25,2.451447,8.957531,2.392823,0.009774,0.032987,0.023213
122,122,22,9,41,41,25,2.451447,8.957531,2.392823,0.009774,0.032987,0.023213
123,123,22,9,41,43,25,2.451447,8.957531,2.392823,0.009774,0.032987,0.023213
124,124,24,8,39,41,21,2.451447,8.957531,2.392823,0.009774,0.032987,0.023213
125,125,22,9,41,43,25,2.451447,8.957531,2.392823,0.009774,0.032987,0.023213
126,126,25,9,42,41,25,2.451447,8.957531,2.392823,0.009774,0.032987,0.023213
127,127,25,7,38,41,27,2.451447,8.957531,2.392823,0.009774,0.032987,0.023213
128,128,25,9,42,43,25,2.451447,8.957531,2.392823,0.009774,0.032987,0.023213
129,129,25,7,43,41,25,2.451447,8.957531,2.392823,0.009774,0.032987,0.023213
130,130,25,8,39,41,19,2.451447,8.957531,2.392823,0.009774,0.032987,0.023213
131,131,8,7,52,43,27,3.148955,8.877372,2.841477,-0.010996,0.113621,-0.215025
132,132,9,8,49,43,24,3.148955,8.877372,2.841477,-0.010996,0.113621,-0.215025
133,133,8,8,45,37,25,3.148955,8.877372,2.841477,-0.010996,0.113621,-0.215025
134,134,6,7,43,36,25,3.148955,8.877372,2.841477,-0.010996,0.113621,-0.215025
135,135,7,8,46,35,25,3.148955,8.877372,2.841477,-0.010996,0.113621,-0.215025
136,136,9,9,47,35,25,3.148955,8.877372,2.841477,-0.010996,0.113621,-0.215025
137,137,9,9,47,36,25,3.148955,8.877372,2.841477,-0.010996,0.113621,-0.215025
138,138,13,7,42,32,22,3.148955,8.877372,2.841477,-0.010996,0.113621,-0.215025
139,139,15,6,42,36,22,3.148955,8.877372,2.841477,-0.010996,0.113621,-0.215025
140,140,13,8,41,35,19,3.148955,8.877372,2.841477,-0.010996,0.113621,-0.215025
141,141,16,8,43,40,28,0.807578,8.656036,3.893123,0,0,0.001222
142,142,16,8,45,37,30,0.807578,8.656036,3.893123,0,0,0.001222
143,143,16,9,45,39,30,0.807578,8.656036,3.893123,0,0,0.001222
144,144,14,9,45,43,34,0.807578,8.656036,3.893123,0,0,0.001222
145,145,16,8,45,51,32,0.807578,8.656036,3.893123,0,0,0.001222
146,146,16,8,44,48,35,0.807578,8.656036,3.893123,0,0,0.001222
147,147,16,9,43,46,33,0.807578,8.656036,3.893123,0,0,0.001222
148,148,17,6,41,46,33,0.807578,8.656036,3.893123,0,0,0.001222
149,149,17,6,43,41,32,0.807578,8.656036,3.893123,0,0,0.001222
150,150,18,8,41,41,31,0.807578,8.656036,3.893123,0,0,0.001222
151,151,15,6,44,35,32,-1.841277,6.699903,5.435297,-0.356745,3.19849,-0.445932
152,152,14,6,42,38,30,-1.841277,6.699903,5.435297,-0.356745,3.19849,-0.445932
153,153,13,6,43,37,30,-1.841277,6.699903,5.435297,-0.356745,3.19849,-0.445932
154,154,14,6,46,38,29,-1.841277,6.699903,5.435297,-0.356745,3.19849,-0.445932
155,155,13,5,45,39,28,-1.841277,6.699903,5.435297,-0.356745,3.19849,-0.445932
156,156,13,8,45,39,29,-1.841277,6.699903,5.435297,-0.356745,3.19849,-0.445932
157,157,13,6,45,38,29,-1.841277,6.699903,5.435297,-0.356745,3.19849,-0.445932
158,158,13,7,42,37,29,-1.841277,6.699903,5.435297,-0.356745,3.19849,-0.445932
159,159,13,6,42,38,30,-1.841277,6.699903,5.435297,-0.356745,3.19849,-0.445932
160,160,13,6,44,39,29,-1.841277,6.699903,5.435297,-0.356745,3.19849,-0.445932
161,161,14,8,42,28,28,-2.291128,7.7013,5.691329,-0.204029,-0.001222,0.118508
162,162,10,9,39,27,39,-2.291128,7.7013,5.691329,-0.204029,-0.001222,0.118508
163,163,8,8,38,30,51,-2.291128,7.7013,5.691329,-0.204029,-0.001222,0.118508
164,164,8,6,39,31,50,-2.291128,7.7013,5.691329,-0.204029,-0.001222,0.118508
165,165,8,6,35,30,58,-2.291128,7.7013,5.691329,-0.204029,-0.001222,0.118508
166,166,9,8,38,30,59,-2.291128,7.7013,5.691329,-0.204029,-0.001222,0.118508
167,167,11,7,38,30,45,-2.291128,7.7013,5.691329,-0.204029,-0.001222,0.118508
168,168,12,6,43,30,42,-2.291128,7.7013,5.691329,-0.204029,-0.001222,0.118508
169,169,16,5,45,35,39,-2.291128,7.7013,5.691329,-0.204029,-0.001222,0.118508
170,170,16,7,45,35,37,-2.291128,7.7013,5.691329,-0.204029,-0.001222,0.118508
171,171,27,4,48,39,27,-1.209572,8.400003,4.212564,-0.018326,-0.047647,0.025656
172,172,27,3,50,40,27,-1.209572,8.400003,4.212564,-0.018326,-0.047647,0.025656
173,173,27,2,48,38,25,-1.209572,8.400003,4.212564,-0.018326,-0.047647,0.025656
174,174,27,3,45,39,21,-1.209572,8.400003,4.212564,-0.018326,-0.047647,0.025656
175,175,25,3,49,40,27,-1.209572,8.400003,4.212564,-0.018326,-0.047647,0.025656
176,176,25,4,47,40,25,-1.209572,8.400003,4.212564,-0.018326,-0.047647,0.025656
177,177,25,4,49,39,25,-1.209572,8.400003,4.212564,-0.018326,-0.047647,0.025656
178,178,27,4,48,40,25,-1.209572,8.400003,4.212564,-0.018326,-0.047647,0.025656
179,179,26,5,46,39,27,-1.209572,8.400003,4.212564,-0.018326,-0.047647,0.025656
180,180,27,3,46,40,26,-1.209572,8.400003,4.212564,-0.018326,-0.047647,0.025656
181,181,25,4,45,42,25,-1.819742,8.203793,4.646862,-0.025656,0.019548,0.034208
182,182,25,5,41,38,25,-1.819742,8.203793,4.646862,-0.025656,0.019548,0.034208
183,183,22,7,45,38,26,-1.819742,8.203793,4.646862,-0.025656,0.019548,0.034208
184,184,21,8,42,36,28,-1.819742,8.203793,4.646862,-0.025656,0.019548,0.034208
185,185,33,6,23,20,32,-1.819742,8.203793,4.646862,-0.025656,0.019548,0.034208
186,186,31,2,9,4,18,-1.819742,8.203793,4.646862,-0.025656,0.019548,0.034208
187,187,25,0,5,0,10,-1.819742,8.203793,4.646862,-0.025656,0.019548,0.034208
188,188,25,3,4,2,11,-1.819742,8.203793,4.646862,-0.025656,0.019548,0.034208
189,189,28,6,32,28,30,-1.819742,8.203793,4.646862,-0.025656,0.019548,0.034208
190,190,26,8,38,35,30,-1.819742,8.203793,4.646862,-0.025656,0.019548,0.034208
191,191,18,6,48,40,28,-1.141376,8.112864,5.095516,0.015882,-0.008552,-0.012217
192,192,19,6,50,43,30,-1.141376,8.112864,5.095516,0.015882,-0.008552,-0.012217
193,193,19,6,49,42,25,-1.141376,8.112864,5.095516,0.015882,-0.008552,-0.012217
194,194,20,6,50,43,25,-1.141376,8.112864,5.095516,0.015882,-0.008552,-0.012217
195,195,20,5,51,44,28,-1.141376,8.112864,5.095516,0.015882,-0.008552,-0.012217
196,196,21,6,50,45,28,-1.141376,8.112864,5.095516,0.015882,-0.008552,-0.012217
197,197,25,6,50,46,27,-1.141376,8.112864,5.095516,0.015882,-0.008552,-0.012217
198,198,25,7,49,43,24,-1.141376,8.112864,5.095516,0.015882,-0.008552,-0.012217
199,199,27,5,49,40,27,-1.141376,8.112864,5.095516,0.015882,-0.008552,-0.012217
200,200,26,6,45,44,22,-1.141376,8.112864,5.095516,0.015882,-0.008552,-0.012217
201,201,28,6,48,39,27,-1.400998,7.927422,5.059624,0.025656,-0.023213,0.026878
202,202,29,6,45,40,27,-1.400998,7.927422,5.059624,0.025656,-0.023213,0.026878
203,203,29,7,45,41,26,-1.400998,7.927422,5.059624,0.025656,-0.023213,0.026878
204,204,29,9,47,41,26,-1.400998,7.927422,5.059624,0.025656,-0.023213,0.026878
205,205,30,9,45,39,27,-1.400998,7.927422,5.059624,0.025656,-0.023213,0.026878
206,206,29,5,46,39,26,-1.400998,7.927422,5.059624,0.025656,-0.023213,0.026878
207,207,29,9,46,39,24,-1.400998,7.927422,5.059624,0.025656,-0.023213,0.026878
208,208,28,6,46,40,26,-1.400998,7.927422,5.059624,0.025656,-0.023213,0.026878
209,209,29,8,45,36,26,-1.400998,7.927422,5.059624,0.025656,-0.023213,0.026878
210,210,28,8,42,39,26,-1.400998,7.927422,5.059624,0.025656,-0.023213,0.026878
211,211,12,6,36,31,76,-0.370888,7.634301,6.507281,0.072082,-0.136834,0.144164
212,212,12,6,36,30,69,-0.370888,7.634301,6.507281,0.072082,-0.136834,0.144164
213,213,12,8,33,30,77,-0.370888,7.634301,6.507281,0.072082,-0.136834,0.144164
214,214,12,6,34,29,72,-0.370888,7.634301,6.507281,0.072082,-0.136834,0.144164
215,215,13,6,36,31,73,-0.370888,7.634301,6.507281,0.072082,-0.136834,0.144164
216,216,12,7,33,30,66,-0.370888,7.634301,6.507281,0.072082,-0.136834,0.144164
217,217,12,7,35,30,72,-0.370888,7.634301,6.507281,0.072082,-0.136834,0.144164
218,218,12,7,36,31,73,-0.370888,7.634301,6.507281,0.072082,-0.136834,0.144164
219,219,13,6,35,31,67,-0.370888,7.634301,6.507281,0.072082,-0.136834,0.144164
220,220,13,6,34,32,74,-0.370888,7.634301,6.507281,0.072082,-0.136834,0.144164
221,221,61,7,52,55,26,-0.282353,9.069994,2.301895,-0.002443,0.008552,-0.012217
222,222,60,6,51,56,28,-0.282353,9.069994,2.301895,-0.002443,0.008552,-0.012217
223,223,58,6,55,56,27,-0.282353,9.069994,2.301895,-0.002443,0.008552,-0.012217
224,224,55,6,54,54,26,-0.282353,9.069994,2.301895,-0.002443,0.008552,-0.012217
225,225,57,6,52,52,25,-0.282353,9.069994,2.301895,-0.002443,0.008552,-0.012217
226,226,56,6,55,56,27,-0.282353,9.069994,2.301895,-0.002443,0.008552,-0.012217
227,227,56,5,53,54,25,-0.282353,9.069994,2.301895,-0.002443,0.008552,-0.012217
228,228,55,7,53,54,25,-0.282353,9.069994,2.301895,-0.002443,0.008552,-0.012217
229,229,55,7,52,55,25,-0.282353,9.069994,2.301895,-0.002443,0.008552,-0.012217
230,230,54,4,53,56,24,-0.282353,9.069994,2.301895,-0.002443,0.008552,-0.012217
231,231,42,3,52,47,22,0.75015,9.320044,3.65384,0.168599,-0.068417,-0.711047
232,232,46,4,52,53,26,0.75015,9.320044,3.65384,0.168599,-0.068417,-0.711047
233,233,46,6,51,52,23,0.75015,9.320044,3.65384,0.168599,-0.068417,-0.711047
234,234,44,6,51,52,25,0.75015,9.320044,3.65384,0.168599,-0.068417,-0.711047
235,235,43,4,51,52,25,0.75015,9.320044,3.65384,0.168599,-0.068417,-0.711047
236,236,42,4,51,50,26,0.75015,9.320044,3.65384,0.168599,-0.068417,-0.711047
237,237,44,5,54,51,27,0.75015,9.320044,3.65384,0.168599,-0.068417,-0.711047
238,238,49,5,51,52,25,0.75015,9.320044,3.65384,0.168599,-0.068417,-0.711047
239,239,45,6,50,51,24,0.75015,9.320044,3.65384,0.168599,-0.068417,-0.711047
240,240,44,6,48,50,25,0.75015,9.320044,3.65384,0.168599,-0.068417,-0.711047
241,241,47,9,51,59,31,0.917647,9.449257,2.553142,-0.050091,0.48747,-0.065973
242,242,46,8,50,57,28,0.917647,9.449257,2.553142,-0.050091,0.48747,-0.065973
243,243,46,6,50,60,32,0.917647,9.449257,2.553142,-0.050091,0.48747,-0.065973
244,244,44,8,51,58,32,0.917647,9.449257,2.553142,-0.050091,0.48747,-0.065973
245,245,47,8,51,58,32,0.917647,9.449257,2.553142,-0.050091,0.48747,-0.065973
246,246,45,9,50,58,32,0.917647,9.449257,2.553142,-0.050091,0.48747,-0.065973
247,247,45,8,51,57,30,0.917647,9.449257,2.553142,-0.050091,0.48747,-0.065973
248,248,46,8,48,57,34,0.917647,9.449257,2.553142,-0.050091,0.48747,-0.065973
249,249,46,8,54,58,32,0.917647,9.449257,2.553142,-0.050091,0.48747,-0.065973
250,250,45,10,50,57,30,0.917647,9.449257,2.553142,-0.050091,0.48747,-0.065973
251,251,54,9,52,57,32,-0.93679,7.51107,6.732206,-0.344528,0.184481,-0.108734
252,252,54,10,54,56,29,-0.93679,7.51107,6.732206,-0.344528,0.184481,-0.108734
253,253,54,10,50,58,30,-0.93679,7.51107,6.732206,-0.344528,0.184481,-0.108734
254,254,52,9,54,57,30,-0.93679,7.51107,6.732206,-0.344528,0.184481,-0.108734
255,255,52,9,53,58,27,-0.93679,7.51107,6.732206,-0.344528,0.184481,-0.108734
256,256,53,8,52,56,28,-0.93679,7.51107,6.732206,-0.344528,0.184481,-0.108734
257,257,51,8,52,59,28,-0.93679,7.51107,6.732206,-0.344528,0.184481,-0.108734
258,258,53,9,53,53,28,-0.93679,7.51107,6.732206,-0.344528,0.184481,-0.108734
259,259,51,8,53,59,28,-0.93679,7.51107,6.732206,-0.344528,0.184481,-0.108734
260,260,53,9,55,57,28,-0.93679,7.51107,6.732206,-0.344528,0.184481,-0.108734
261,261,52,9,49,57,28,-0.891326,8.664412,3.878766,0.018326,0.029322,-0.017104
262,262,50,8,52,56,28,-0.891326,8.664412,3.878766,0.018326,0.029322,-0.017104
263,263,52,8,52,58,27,-0.891326,8.664412,3.878766,0.018326,0.029322,-0.017104
264,264,53,9,49,56,25,-0.891326,8.664412,3.878766,0.018326,0.029322,-0.017104
265,265,53,10,54,57,28,-0.891326,8.664412,3.878766,0.018326,0.029322,-0.017104
266,266,52,9,56,57,27,-0.891326,8.664412,3.878766,0.018326,0.029322,-0.017104
267,267,51,8,52,58,28,-0.891326,8.664412,3.878766,0.018326,0.029322,-0.017104
268,268,51,10,54,57,30,-0.891326,8.664412,3.878766,0.018326,0.029322,-0.017104
269,269,52,9,55,56,27,-0.891326,8.664412,3.878766,0.018326,0.029322,-0.017104
270,270,53,9,54,56,30,-0.891326,8.664412,3.878766,0.018326,0.029322,-0.017104
271,271,52,10,49,55,30,-1.036092,8.733803,3.876373,0.024435,0.034208,0.030543
272,272,52,9,52,56,28,-1.036092,8.733803,3.876373,0.024435,0.034208,0.030543
273,273,51,8,55,55,27,-1.036092,8.733803,3.876373,0.024435,0.034208,0.030543
274,274,50,8,55,56,27,-1.036092,8.733803,3.876373,0.024435,0.034208,0.030543
275,275,51,7,52,58,23,-1.036092,8.733803,3.876373,0.024435,0.034208,0.030543
276,276,51,9,52,55,27,-1.036092,8.733803,3.876373,0.024435,0.034208,0.030543
277,277,51,9,53,55,28,-1.036092,8.733803,3.876373,0.024435,0.034208,0.030543
278,278,52,8,52,58,27,-1.036092,8.733803,3.876373,0.024435,0.034208,0.030543
279,279,51,9,52,58,27,-1.036092,8.733803,3.876373,0.024435,0.034208,0.030543
280,280,51,9,53,55,25,-1.036092,8.733803,3.876373,0.024435,0.034208,0.030543
281,281,17,9,36,27,41,-0.61017,8.687142,3.781856,-0.045204,-0.029322,0.031765
282,282,16,7,38,24,44,-0.61017,8.687142,3.781856,-0.045204,-0.029322,0.031765
283,283,18,7,37,25,43,-0.61017,8.687142,3.781856,-0.045204,-0.029322,0.031765
284,284,20,6,38,26,41,-0.61017,8.687142,3.781856,-0.045204,-0.029322,0.031765
285,285,20,5,37,27,42,-0.61017,8.687142,3.781856,-0.045204,-0.029322,0.031765
286,286,20,7,38,28,42,-0.61017,8.687142,3.781856,-0.045204,-0.029322,0.031765
287,287,19,6,36,28,39,-0.61017,8.687142,3.781856,-0.045204,-0.029322,0.031765
288,288,19,7,37,29,41,-0.61017,8.687142,3.781856,-0.045204,-0.029322,0.031765
289,289,20,6,39,35,41,-0.61017,8.687142,3.781856,-0.045204,-0.029322,0.031765
290,290,18,7,36,37,38,-0.61017,8.687142,3.781856,-0.045204,-0.029322,0.031765
291,291,6,7,40,36,26,0.22014,9.042477,3.669394,-0.015882,-0.153938,-0.046426
292,292,5,7,40,35,26,0.22014,9.042477,3.669394,-0.015882,-0.153938,-0.046426
293,293,8,6,41,35,27,0.22014,9.042477,3.669394,-0.015882,-0.153938,-0.046426
294,294,8,7,40,33,25,0.22014,9.042477,3.669394,-0.015882,-0.153938,-0.046426
295,295,8,7,37,36,20,0.22014,9.042477,3.669394,-0.015882,-0.153938,-0.046426
296,296,9,6,39,37,26,0.22014,9.042477,3.669394,-0.015882,-0.153938,-0.046426
297,297,9,8,40,36,26,0.22014,9.042477,3.669394,-0.015882,-0.153938,-0.046426
298,298,9,7,39,35,26,0.22014,9.042477,3.669394,-0.015882,-0.153938,-0.046426
299,299,10,9,39,36,26,0.22014,9.042477,3.669394,-0.015882,-0.153938,-0.046426
300,300,10,8,42,35,27,0.22014,9.042477,3.669394,-0.015882,-0.153938,-0.046426
301,301,15,8,40,37,26,0.066999,8.965906,3.806981,-0.113621,0.029322,0.006109
302,302,15,7,42,35,26,0.066999,8.965906,3.806981,-0.113621,0.029322,0.006109
303,303,15,8,41,37,25,0.066999,8.965906,3.806981,-0.113621,0.029322,0.006109
304,304,15,6,41,36,27,0.066999,8.965906,3.806981,-0.113621,0.029322,0.006109
305,305,16,6,41,35,26,0.066999,8.965906,3.806981,-0.113621,0.029322,0.006109
306,306,22,8,42,38,26,0.066999,8.965906,3.806981,-0.113621,0.029322,0.006109
307,307,21,8,43,32,25,0.066999,8.965906,3.806981,-0.113621,0.029322,0.006109
308,308,20,8,44,34,25,0.066999,8.965906,3.806981,-0.113621,0.029322,0.006109
309,309,26,9,43,37,25,0.066999,8.965906,3.806981,-0.113621,0.029322,0.006109
310,310,27,9,42,37,25,0.066999,8.965906,3.806981,-0.113621,0.029322,0.006109
311,311,15,6,41,39,31,-0.751346,8.142776,4.802395,-0.100182,-0.048869,0.045204
312,312,15,8,39,35,30,-0.751346,8.142776,4.802395,-0.100182,-0.048869,0.045204
313,313,13,7,42,38,32,-0.751346,8.142776,4.802395,-0.100182,-0.048869,0.045204
314,314,15,7,42,36,30,-0.751346,8.142776,4.802395,-0.100182,-0.048869,0.045204
315,315,12,8,42,40,31,-0.751346,8.142776,4.802395,-0.100182,-0.048869,0.045204
316,316,15,8,42,35,30,-0.751346,8.142776,4.802395,-0.100182,-0.048869,0.045204
317,317,15,9,39,37,31,-0.751346,8.142776,4.802395,-0.100182,-0.048869,0.045204
318,318,13,7,38,38,31,-0.751346,8.142776,4.802395,-0.100182,-0.048869,0.045204
319,319,15,8,42,39,31,-0.751346,8.142776,4.802395,-0.100182,-0.048869,0.045204
320,320,16,8,42,39,30,-0.751346,8.142776,4.802395,-0.100182,-0.048869,0.045204
321,321,35,9,49,47,31,-0.2333,8.12124,5.17089,-0.012217,0.014661,0.023213
322,322,45,10,54,46,30,-0.2333,8.12124,5.17089,-0.012217,0.014661,0.023213
323,323,41,10,50,47,28,-0.2333,8.12124,5.17089,-0.012217,0.014661,0.023213
324,324,39,10,50,45,28,-0.2333,8.12124,5.17089,-0.012217,0.014661,0.023213
325,325,37,8,50,44,27,-0.2333,8.12124,5.17089,-0.012217,0.014661,0.023213
326,326,37,9,47,46,27,-0.2333,8.12124,5.17089,-0.012217,0.014661,0.023213
327,327,36,9,47,43,27,-0.2333,8.12124,5.17089,-0.012217,0.014661,0.023213
328,328,36,8,46,43,28,-0.2333,8.12124,5.17089,-0.012217,0.014661,0.023213
329,329,35,9,47,43,21,-0.2333,8.12124,5.17089,-0.012217,0.014661,0.023213
330,330,35,8,49,40,27,-0.2333,8.12124,5.17089,-0.012217,0.014661,0.023213
331,331,33,9,47,44,26,-0.916451,8.093722,5.118248,0.037874,0.073304,-0.013439
332,332,33,10,45,42,27,-0.916451,8.093722,5.118248,0.037874,0.073304,-0.013439
333,333,32,9,46,41,27,-0.916451,8.093722,5.118248,0.037874,0.073304,-0.013439
334,334,33,10,46,43,26,-0.916451,8.093722,5.118248,0.037874,0.073304,-0.013439
335,335,32,10,43,43,27,-0.916451,8.093722,5.118248,0.037874,0.073304,-0.013439
336,336,33,10,46,45,26,-0.916451,8.093722,5.118248,0.037874,0.073304,-0.013439
337,337,33,10,46,41,20,-0.916451,8.093722,5.118248,0.037874,0.073304,-0.013439
338,338,33,10,46,41,21,-0.916451,8.093722,5.118248,0.037874,0.073304,-0.013439
339,339,33,10,45,43,27,-0.916451,8.093722,5.118248,0.037874,0.073304,-0.013439
340,340,33,11,42,43,26,-0.916451,8.093722,5.118248,0.037874,0.073304,-0.013439
341,341,6,13,31,25,95,-4.255635,5.344369,4.036692,0.547335,0.602313,0.956615
342,342,7,12,34,24,86,-4.255635,5.344369,4.036692,0.547335,0.602313,0.956615
343,343,8,11,32,25,76,-4.255635,5.344369,4.036692,0.547335,0.602313,0.956615
344,344,10,11,29,24,79,-4.255635,5.344369,4.036692,0.547335,0.602313,0.956615
345,345,9,11,33,24,77,-4.255635,5.344369,4.036692,0.547335,0.602313,0.956615
346,346,9,10,32,23,77,-4.255635,5.344369,4.036692,0.547335,0.602313,0.956615
347,347,12,5,28,24,76,-4.255635,5.344369,4.036692,0.547335,0.602313,0.956615
348,348,15,5,33,25,75,-4.255635,5.344369,4.036692,0.547335,0.602313,0.956615
349,349,16,6,32,22,75,-4.255635,5.344369,4.036692,0.547335,0.602313,0.956615
350,350,17,5,32,27,73,-4.255635,5.344369,4.036692,0.547335,0.602313,0.956615
351,351,17,11,32,28,70,-2.678765,6.093323,7.225128,0.785573,-0.026878,-0.228464
352,352,17,10,32,27,69,-2.678765,6.093323,7.225128,0.785573,-0.026878,-0.228464
353,353,17,13,29,27,74,-2.678765,6.093323,7.225128,0.785573,-0.026878,-0.228464
354,354,16,12,31,27,69,-2.678765,6.093323,7.225128,0.785573,-0.026878,-0.228464
355,355,15,12,32,27,71,-2.678765,6.093323,7.225128,0.785573,-0.026878,-0.228464
356,356,13,12,33,27,71,-2.678765,6.093323,7.225128,0.785573,-0.026878,-0.228464
357,357,15,12,30,28,72,-2.678765,6.093323,7.225128,0.785573,-0.026878,-0.228464
358,358,15,12,31,28,71,-2.678765,6.093323,7.225128,0.785573,-0.026878,-0.228464
359,359,15,12,31,27,73,-2.678765,6.093323,7.225128,0.785573,-0.026878,-0.228464
360,360,15,10,30,25,65,-2.678765,6.093323,7.225128,0.785573,-0.026878,-0.228464
361,361,13,10,38,37,57,-2.440679,6.260821,7.009774,-0.0281,0.037874,-0.010996
362,362,14,10,36,36,57,-2.440679,6.260821,7.009774,-0.0281,0.037874,-0.010996
363,363,14,10,38,36,58,-2.440679,6.260821,7.009774,-0.0281,0.037874,-0.010996
364,364,13,9,39,35,57,-2.440679,6.260821,7.009774,-0.0281,0.037874,-0.010996
365,365,13,10,37,38,57,-2.440679,6.260821,7.009774,-0.0281,0.037874,-0.010996
366,366,14,9,36,36,58,-2.440679,6.260821,7.009774,-0.0281,0.037874,-0.010996
367,367,13,10,39,36,56,-2.440679,6.260821,7.009774,-0.0281,0.037874,-0.010996
368,368,14,10,38,35,52,-2.440679,6.260821,7.009774,-0.0281,0.037874,-0.010996
369,369,14,10,36,35,58,-2.440679,6.260821,7.009774,-0.0281,0.037874,-0.010996
370,370,14,9,37,34,56,-2.440679,6.260821,7.009774,-0.0281,0.037874,-0.010996
371,371,21,14,46,43,35,-2.323431,6.262017,7.057631,-0.012217,-0.009774,0.031765
372,372,21,10,45,41,38,-2.323431,6.262017,7.057631,-0.012217,-0.009774,0.031765
373,373,21,9,43,42,35,-2.323431,6.262017,7.057631,-0.012217,-0.009774,0.031765
374,374,21,5,46,40,36,-2.323431,6.262017,7.057631,-0.012217,-0.009774,0.031765
375,375,21,5,46,39,36,-2.323431,6.262017,7.057631,-0.012217,-0.009774,0.031765
376,376,24,4,45,40,38,-2.323431,6.262017,7.057631,-0.012217,-0.009774,0.031765
377,377,23,1,46,41,30,-2.323431,6.262017,7.057631,-0.012217,-0.009774,0.031765
378,378,23,4,46,41,35,-2.323431,6.262017,7.057631,-0.012217,-0.009774,0.031765
379,379,22,8,45,43,35,-2.323431,6.262017,7.057631,-0.012217,-0.009774,0.031765
380,380,23,10,46,40,34,-2.323431,6.262017,7.057631,-0.012217,-0.009774,0.031765
381,381,20,20,40,38,38,-3.402594,5.988039,7.039685,0,0.017104,-0.081856
382,382,18,20,38,35,36,-3.402594,5.988039,7.039685,0,0.017104,-0.081856
383,383,19,19,41,36,38,-3.402594,5.988039,7.039685,0,0.017104,-0.081856
384,384,18,19,41,37,37,-3.402594,5.988039,7.039685,0,0.017104,-0.081856
385,385,20,17,40,38,38,-3.402594,5.988039,7.039685,0,0.017104,-0.081856
386,386,20,12,40,33,38,-3.402594,5.988039,7.039685,0,0.017104,-0.081856
387,387,20,14,42,32,38,-3.402594,5.988039,7.039685,0,0.017104,-0.081856
388,388,20,14,41,32,38,-3.402594,5.988039,7.039685,0,0.017104,-0.081856
389,389,20,14,42,37,37,-3.402594,5.988039,7.039685,0,0.017104,-0.081856
390,390,20,12,42,37,38,-3.402594,5.988039,7.039685,0,0.017104,-0.081856
391,391,18,8,43,37,38,-2.754139,6.166304,6.903294,0.020769,-0.052534,0.012217
392,392,20,6,39,39,37,-2.754139,6.166304,6.903294,0.020769,-0.052534,0.012217
393,393,20,8,38,37,38,-2.754139,6.166304,6.903294,0.020769,-0.052534,0.012217
394,394,19,5,41,38,38,-2.754139,6.166304,6.903294,0.020769,-0.052534,0.012217
395,395,19,6,40,37,36,-2.754139,6.166304,6.903294,0.020769,-0.052534,0.012217
396,396,20,6,40,36,32,-2.754139,6.166304,6.903294,0.020769,-0.052534,0.012217
397,397,20,8,37,37,38,-2.754139,6.166304,6.903294,0.020769,-0.052534,0.012217
398,398,18,6,40,38,38,-2.754139,6.166304,6.903294,0.020769,-0.052534,0.012217
399,399,20,8,42,36,36,-2.754139,6.166304,6.903294,0.020769,-0.052534,0.012217
400,400,20,6,41,37,34,-2.754139,6.166304,6.903294,0.020769,-0.052534,0.012217
401,401,24,13,52,54,36,-2.711068,6.208178,6.909276,-0.012217,-0.012217,-0.001222
402,402,23,13,51,54,35,-2.711068,6.208178,6.909276,-0.012217,-0.012217,-0.001222
403,403,23,13,51,52,37,-2.711068,6.208178,6.909276,-0.012217,-0.012217,-0.001222
404,404,24,12,52,50,32,-2.711068,6.208178,6.909276,-0.012217,-0.012217,-0.001222
405,405,23,11,52,46,34,-2.711068,6.208178,6.909276,-0.012217,-0.012217,-0.001222
406,406,23,11,50,46,34,-2.711068,6.208178,6.909276,-0.012217,-0.012217,-0.001222
407,407,23,11,51,50,33,-2.711068,6.208178,6.909276,-0.012217,-0.012217,-0.001222
408,408,21,10,50,47,35,-2.711068,6.208178,6.909276,-0.012217,-0.012217,-0.001222
409,409,23,11,50,45,33,-2.711068,6.208178,6.909276,-0.012217,-0.012217,-0.001222
410,410,23,10,52,48,29,-2.711068,6.208178,6.909276,-0.012217,-0.012217,-0.001222
411,411,30,10,41,42,28,-3.407379,5.631508,7.307681,0.041539,-0.025656,-0.133169
412,412,29,13,42,41,27,-3.407379,5.631508,7.307681,0.041539,-0.025656,-0.133169
413,413,29,15,39,42,27,-3.407379,5.631508,7.307681,0.041539,-0.025656,-0.133169
414,414,27,14,37,34,26,-3.407379,5.631508,7.307681,0.041539,-0.025656,-0.133169
415,415,26,11,29,27,25,-3.407379,5.631508,7.307681,0.041539,-0.025656,-0.133169
416,416,25,12,24,26,22,-3.407379,5.631508,7.307681,0.041539,-0.025656,-0.133169
417,417,25,9,18,17,22,-3.407379,5.631508,7.307681,0.041539,-0.025656,-0.133169
418,418,18,4,10,7,17,-3.407379,5.631508,7.307681,0.041539,-0.025656,-0.133169
419,419,17,3,9,3,13,-3.407379,5.631508,7.307681,0.041539,-0.025656,-0.133169
420,420,15,3,7,6,12,-3.407379,5.631508,7.307681,0.041539,-0.025656,-0.133169
421,421,16,12,49,46,33,-3.960122,7.96451,4.285545,-0.106291,0.013439,-0.040317
422,422,16,12,49,45,26,-3.960122,7.96451,4.285545,-0.106291,0.013439,-0.040317
423,423,16,11,49,46,30,-3.960122,7.96451,4.285545,-0.106291,0.013439,-0.040317
424,424,16,11,49,45,29,-3.960122,7.96451,4.285545,-0.106291,0.013439,-0.040317
425,425,16,10,48,46,26,-3.960122,7.96451,4.285545,-0.106291,0.013439,-0.040317
426,426,16,12,48,45,31,-3.960122,7.96451,4.285545,-0.106291,0.013439,-0.040317
427,427,16,11,49,45,30,-3.960122,7.96451,4.285545,-0.106291,0.013439,-0.040317
428,428,16,9,49,47,29,-3.960122,7.96451,4.285545,-0.106291,0.013439,-0.040317
429,429,15,9,49,47,29,-3.960122,7.96451,4.285545,-0.106291,0.013439,-0.040317
430,430,15,10,48,46,31,-3.960122,7.96451,4.285545,-0.106291,0.013439,-0.040317
431,431,16,10,47,43,27,-2.852245,6.979863,5.973681,0.048869,-0.062308,-0.017104
432,432,16,10,47,43,24,-2.852245,6.979863,5.973681,0.048869,-0.062308,-0.017104
433,433,16,10,45,43,27,-2.852245,6.979863,5.973681,0.048869,-0.062308,-0.017104
434,434,16,9,47,41,27,-2.852245,6.979863,5.973681,0.048869,-0.062308,-0.017104
435,435,16,9,47,43,26,-2.852245,6.979863,5.973681,0.048869,-0.062308,-0.017104
436,436,17,9,47,43,27,-2.852245,6.979863,5.973681,0.048869,-0.062308,-0.017104
437,437,15,8,46,45,27,-2.852245,6.979863,5.973681,0.048869,-0.062308,-0.017104
438,438,16,9,45,43,26,-2.852245,6.979863,5.973681,0.048869,-0.062308,-0.017104
439,439,15,9,47,42,28,-2.852245,6.979863,5.973681,0.048869,-0.062308,-0.017104
440,440,15,9,44,40,27,-2.852245,6.979863,5.973681,0.048869,-0.062308,-0.017104
441,441,18,9,44,44,26,-2.834299,7.162915,5.601598,0.040317,0.008552,-0.21869
442,442,18,8,45,41,26,-2.834299,7.162915,5.601598,0.040317,0.008552,-0.21869
443,443,19,9,43,43,26,-2.834299,7.162915,5.601598,0.040317,0.008552,-0.21869
444,444,18,8,45,45,27,-2.834299,7.162915,5.601598,0.040317,0.008552,-0.21869
445,445,18,8,47,43,26,-2.834299,7.162915,5.601598,0.040317,0.008552,-0.21869
446,446,18,8,46,42,24,-2.834299,7.162915,5.601598,0.040317,0.008552,-0.21869
447,447,18,8,45,41,26,-2.834299,7.162915,5.601598,0.040317,0.008552,-0.21869
448,448,18,8,47,42,27,-2.834299,7.162915,5.601598,0.040317,0.008552,-0.21869
449,449,18,8,46,41,27,-2.834299,7.162915,5.601598,0.040317,0.008552,-0.21869
450,450,17,6,47,43,26,-2.834299,7.162915,5.601598,0.040317,0.008552,-0.21869
451,451,21,9,48,46,21,-3.418147,7.434501,3.990032,0.276111,-0.086743,0.147829
452,452,13,9,47,44,25,-3.418147,7.434501,3.990032,0.276111,-0.086743,0.147829
453,453,10,6,45,44,25,-3.418147,7.434501,3.990032,0.276111,-0.086743,0.147829
454,454,9,8,44,42,25,-3.418147,7.434501,3.990032,0.276111,-0.086743,0.147829
455,455,8,6,42,43,25,-3.418147,7.434501,3.990032,0.276111,-0.086743,0.147829
456,456,10,8,39,40,25,-3.418147,7.434501,3.990032,0.276111,-0.086743,0.147829
457,457,10,7,39,37,23,-3.418147,7.434501,3.990032,0.276111,-0.086743,0.147829
458,458,11,8,35,37,22,-3.418147,7.434501,3.990032,0.276111,-0.086743,0.147829
459,459,10,8,37,39,22,-3.418147,7.434501,3.990032,0.276111,-0.086743,0.147829
460,460,11,6,38,36,24,-3.418147,7.434501,3.990032,0.276111,-0.086743,0.147829
461,461,23,6,36,36,30,0.065803,8.135597,5.252246,-0.09896,0.31765,0.16249
462,462,21,4,37,37,27,0.065803,8.135597,5.252246,-0.09896,0.31765,0.16249
463,463,22,5,37,37,27,0.065803,8.135597,5.252246,-0.09896,0.31765,0.16249
464,464,24,5,35,38,27,0.065803,8.135597,5.252246,-0.09896,0.31765,0.16249
465,465,22,4,36,38,27,0.065803,8.135597,5.252246,-0.09896,0.31765,0.16249
466,466,24,4,36,37,21,0.065803,8.135597,5.252246,-0.09896,0.31765,0.16249
467,467,24,6,37,36,27,0.065803,8.135597,5.252246,-0.09896,0.31765,0.16249
468,468,24,6,38,37,26,0.065803,8.135597,5.252246,-0.09896,0.31765,0.16249
469,469,25,8,33,35,25,0.065803,8.135597,5.252246,-0.09896,0.31765,0.16249
470,470,24,8,37,36,26,0.065803,8.135597,5.252246,-0.09896,0.31765,0.16249
471,471,17,5,32,31,59,2.177469,9.615559,5.991628,-1.777618,2.404366,-0.290772
472,472,17,6,31,29,82,2.177469,9.615559,5.991628,-1.777618,2.404366,-0.290772
473,473,18,6,36,30,81,2.177469,9.615559,5.991628,-1.777618,2.404366,-0.290772
474,474,25,6,35,46,35,2.177469,9.615559,5.991628,-1.777618,2.404366,-0.290772
475,475,30,4,38,52,45,2.177469,9.615559,5.991628,-1.777618,2.404366,-0.290772
476,476,39,6,45,56,41,2.177469,9.615559,5.991628,-1.777618,2.404366,-0.290772
477,477,57,5,48,63,46,2.177469,9.615559,5.991628,-1.777618,2.404366,-0.290772
478,478,66,11,52,63,43,2.177469,9.615559,5.991628,-1.777618,2.404366,-0.290772
479,479,60,17,55,59,41,2.177469,9.615559,5.991628,-1.777618,2.404366,-0.290772
480,480,56,22,51,57,39,2.177469,9.615559,5.991628,-1.777618,2.404366,-0.290772
481,481,36,12,47,43,30,-0.497707,8.136793,4.71745,0,0.025656,0.026878
482,482,38,12,47,48,32,-0.497707,8.136793,4.71745,0,0.025656,0.026878
483,483,40,13,47,45,32,-0.497707,8.136793,4.71745,0,0.025656,0.026878
484,484,39,13,46,47,27,-0.497707,8.136793,4.71745,0,0.025656,0.026878
485,485,38,13,46,45,25,-0.497707,8.136793,4.71745,0,0.025656,0.026878
486,486,36,14,47,45,29,-0.497707,8.136793,4.71745,0,0.025656,0.026878
487,487,38,11,45,47,30,-0.497707,8.136793,4.71745,0,0.025656,0.026878
488,488,38,12,47,43,30,-0.497707,8.136793,4.71745,0,0.025656,0.026878
489,489,37,14,45,43,31,-0.497707,8.136793,4.71745,0,0.025656,0.026878
490,490,38,14,42,44,32,-0.497707,8.136793,4.71745,0,0.025656,0.026878
491,491,22,13,47,45,28,-0.277567,6.993024,6.784849,0.097738,0.295659,-0.237016
492,492,21,14,47,46,28,-0.277567,6.993024,6.784849,0.097738,0.295659,-0.237016
493,493,20,13,44,46,27,-0.277567,6.993024,6.784849,0.097738,0.295659,-0.237016
494,494,19,14,46,46,30,-0.277567,6.993024,6.784849,0.097738,0.295659,-0.237016
495,495,18,14,44,48,28,-0.277567,6.993024,6.784849,0.097738,0.295659,-0.237016
496,496,16,13,45,49,28,-0.277567,6.993024,6.784849,0.097738,0.295659,-0.237016
497,497,15,14,45,48,30,-0.277567,6.993024,6.784849,0.097738,0.295659,-0.237016
498,498,13,14,47,48,27,-0.277567,6.993024,6.784849,0.097738,0.295659,-0.237016
499,499,13,14,46,48,27,-0.277567,6.993024,6.784849,0.097738,0.295659,-0.237016
500,500,13,12,46,47,30,-0.277567,6.993024,6.784849,0.097738,0.295659,-0.237016
501,501,22,13,40,43,24,-3.881158,6.498906,6.143572,-0.064752,0.235794,0.166155
502,502,22,12,43,42,27,-3.881158,6.498906,6.143572,-0.064752,0.235794,0.166155
503,503,20,10,45,42,26,-3.881158,6.498906,6.143572,-0.064752,0.235794,0.166155
504,504,21,12,46,43,26,-3.881158,6.498906,6.143572,-0.064752,0.235794,0.166155
505,505,21,12,45,41,27,-3.881158,6.498906,6.143572,-0.064752,0.235794,0.166155
506,506,21,12,43,41,28,-3.881158,6.498906,6.143572,-0.064752,0.235794,0.166155
507,507,20,10,45,40,26,-3.881158,6.498906,6.143572,-0.064752,0.235794,0.166155
508,508,22,12,44,39,21,-3.881158,6.498906,6.143572,-0.064752,0.235794,0.166155
509,509,22,11,43,39,21,-3.881158,6.498906,6.143572,-0.064752,0.235794,0.166155
510,510,21,13,40,39,27,-3.881158,6.498906,6.143572,-0.064752,0.235794,0.166155
511,511,30,10,45,41,21,-1.227518,7.012167,6.422336,0.064752,-0.109956,-0.164934
512,512,25,12,43,41,26,-1.227518,7.012167,6.422336,0.064752,-0.109956,-0.164934
513,513,25,12,45,44,26,-1.227518,7.012167,6.422336,0.064752,-0.109956,-0.164934
514,514,26,11,49,41,25,-1.227518,7.012167,6.422336,0.064752,-0.109956,-0.164934
515,515,28,9,47,43,26,-1.227518,7.012167,6.422336,0.064752,-0.109956,-0.164934
516,516,28,11,48,45,25,-1.227518,7.012167,6.422336,0.064752,-0.109956,-0.164934
517,517,28,11,47,45,26,-1.227518,7.012167,6.422336,0.064752,-0.109956,-0.164934
518,518,30,9,47,42,27,-1.227518,7.012167,6.422336,0.064752,-0.109956,-0.164934
519,519,30,11,45,42,27,-1.227518,7.012167,6.422336,0.064752,-0.109956,-0.164934
520,520,29,11,46,43,27,-1.227518,7.012167,6.422336,0.064752,-0.109956,-0.164934
521,521,28,13,25,22,69,-1.7336,6.839883,6.625726,0.031765,-0.021991,0.032987
522,522,28,14,29,24,64,-1.7336,6.839883,6.625726,0.031765,-0.021991,0.032987
523,523,25,12,27,26,62,-1.7336,6.839883,6.625726,0.031765,-0.021991,0.032987
524,524,26,12,28,25,59,-1.7336,6.839883,6.625726,0.031765,-0.021991,0.032987
525,525,28,13,27,23,60,-1.7336,6.839883,6.625726,0.031765,-0.021991,0.032987
526,526,27,13,27,22,59,-1.7336,6.839883,6.625726,0.031765,-0.021991,0.032987
527,527,27,13,27,22,60,-1.7336,6.839883,6.625726,0.031765,-0.021991,0.032987
528,528,28,12,30,23,57,-1.7336,6.839883,6.625726,0.031765,-0.021991,0.032987
529,529,28,13,29,22,62,-1.7336,6.839883,6.625726,0.031765,-0.021991,0.032987
530,530,28,10,29,23,62,-1.7336,6.839883,6.625726,0.031765,-0.021991,0.032987
531,531,28,9,25,23,62,-1.963311,6.979863,6.122036,0.180816,0.012217,-0.073304
532,532,27,10,28,23,60,-1.963311,6.979863,6.122036,0.180816,0.012217,-0.073304
533,533,27,11,27,25,61,-1.963311,6.979863,6.122036,0.180816,0.012217,-0.073304
534,534,27,12,27,23,62,-1.963311,6.979863,6.122036,0.180816,0.012217,-0.073304
535,535,27,12,27,22,61,-1.963311,6.979863,6.122036,0.180816,0.012217,-0.073304
536,536,26,8,29,24,58,-1.963311,6.979863,6.122036,0.180816,0.012217,-0.073304
537,537,26,9,31,24,59,-1.963311,6.979863,6.122036,0.180816,0.012217,-0.073304
538,538,26,9,31,25,60,-1.963311,6.979863,6.122036,0.180816,0.012217,-0.073304
539,539,26,10,29,27,61,-1.963311,6.979863,6.122036,0.180816,0.012217,-0.073304
540,540,27,11,29,24,62,-1.963311,6.979863,6.122036,0.180816,0.012217,-0.073304
541,541,37,13,51,44,31,-1.916651,7.116254,6.112466,0.089186,-0.188146,-0.184481
542,542,36,12,50,45,32,-1.916651,7.116254,6.112466,0.089186,-0.188146,-0.184481
543,543,36,9,50,42,28,-1.916651,7.116254,6.112466,0.089186,-0.188146,-0.184481
544,544,36,11,51,43,30,-1.916651,7.116254,6.112466,0.089186,-0.188146,-0.184481
545,545,35,10,50,45,31,-1.916651,7.116254,6.112466,0.089186,-0.188146,-0.184481
546,546,36,11,50,42,33,-1.916651,7.116254,6.112466,0.089186,-0.188146,-0.184481
547,547,36,10,50,45,32,-1.916651,7.116254,6.112466,0.089186,-0.188146,-0.184481
548,548,36,12,49,45,32,-1.916651,7.116254,6.112466,0.089186,-0.188146,-0.184481
549,549,36,12,51,39,31,-1.916651,7.116254,6.112466,0.089186,-0.188146,-0.184481
550,550,36,12,50,45,28,-1.916651,7.116254,6.112466,0.089186,-0.188146,-0.184481
551,551,37,14,50,43,35,-1.945365,8.111669,5.332406,-0.018326,-0.045204,0.145386
552,552,37,13,50,42,32,-1.945365,8.111669,5.332406,-0.018326,-0.045204,0.145386
553,553,37,14,50,43,34,-1.945365,8.111669,5.332406,-0.018326,-0.045204,0.145386
554,554,37,11,49,45,30,-1.945365,8.111669,5.332406,-0.018326,-0.045204,0.145386
555,555,37,14,49,43,38,-1.945365,8.111669,5.332406,-0.018326,-0.045204,0.145386
556,556,36,12,50,43,34,-1.945365,8.111669,5.332406,-0.018326,-0.045204,0.145386
557,557,37,13,50,39,35,-1.945365,8.111669,5.332406,-0.018326,-0.045204,0.145386
558,558,36,13,49,45,36,-1.945365,8.111669,5.332406,-0.018326,-0.045204,0.145386
559,559,35,12,50,41,35,-1.945365,8.111669,5.332406,-0.018326,-0.045204,0.145386
560,560,36,14,49,41,35,-1.945365,8.111669,5.332406,-0.018326,-0.045204,0.145386
561,561,36,14,47,41,37,-3.110669,7.477571,5.25105,-0.045204,-0.008552,-0.025656
562,562,35,11,48,41,31,-3.110669,7.477571,5.25105,-0.045204,-0.008552,-0.025656
563,563,36,13,49,41,34,-3.110669,7.477571,5.25105,-0.045204,-0.008552,-0.025656
564,564,36,12,49,44,34,-3.110669,7.477571,5.25105,-0.045204,-0.008552,-0.025656
565,565,36,13,48,44,34,-3.110669,7.477571,5.25105,-0.045204,-0.008552,-0.025656
566,566,36,14,49,43,33,-3.110669,7.477571,5.25105,-0.045204,-0.008552,-0.025656
567,567,36,12,49,41,34,-3.110669,7.477571,5.25105,-0.045204,-0.008552,-0.025656
568,568,36,13,49,42,35,-3.110669,7.477571,5.25105,-0.045204,-0.008552,-0.025656
569,569,36,13,48,40,34,-3.110669,7.477571,5.25105,-0.045204,-0.008552,-0.025656
570,570,36,14,47,45,35,-3.110669,7.477571,5.25105,-0.045204,-0.008552,-0.025656
571,571,36,14,48,43,34,-2.445465,7.76471,5.303691,-0.012217,0.061087,0.089186
572,572,37,14,49,38,34,-2.445465,7.76471,5.303691,-0.012217,0.061087,0.089186
573,573,37,14,46,43,37,-2.445465,7.76471,5.303691,-0.012217,0.061087,0.089186
574,574,37,15,48,41,32,-2.445465,7.76471,5.303691,-0.012217,0.061087,0.089186
575,575,37,14,49,43,34,-2.445465,7.76471,5.303691,-0.012217,0.061087,0.089186
576,576,37,14,47,42,34,-2.445465,7.76471,5.303691,-0.012217,0.061087,0.089186
577,577,37,14,49,39,34,-2.445465,7.76471,5.303691,-0.012217,0.061087,0.089186
578,578,36,15,47,42,34,-2.445465,7.76471,5.303691,-0.012217,0.061087,0.089186
579,579,36,12,48,42,37,-2.445465,7.76471,5.303691,-0.012217,0.061087,0.089186
580,580,37,15,47,44,34,-2.445465,7.76471,5.303691,-0.012217,0.061087,0.089186
581,581,46,12,52,44,37,-2.742175,7.617551,5.25105,-0.031765,-0.008552,0.045204
582,582,46,14,51,45,31,-2.742175,7.617551,5.25105,-0.031765,-0.008552,0.045204
583,583,45,13,50,47,35,-2.742175,7.617551,5.25105,-0.031765,-0.008552,0.045204
584,584,45,14,51,44,37,-2.742175,7.617551,5.25105,-0.031765,-0.008552,0.045204
585,585,45,13,52,44,34,-2.742175,7.617551,5.25105,-0.031765,-0.008552,0.045204
586,586,45,13,52,43,34,-2.742175,7.617551,5.25105,-0.031765,-0.008552,0.045204
587,587,44,14,50,44,37,-2.742175,7.617551,5.25105,-0.031765,-0.008552,0.045204
588,588,45,14,54,44,34,-2.742175,7.617551,5.25105,-0.031765,-0.008552,0.045204
589,589,44,12,51,44,34,-2.742175,7.617551,5.25105,-0.031765,-0.008552,0.045204
590,590,44,14,51,45,34,-2.742175,7.617551,5.25105,-0.031765,-0.008552,0.045204
591,591,43,13,51,44,34,-2.883351,7.094719,5.050053,0.167377,0.015882,-0.034208
592,592,43,13,50,44,37,-2.883351,7.094719,5.050053,0.167377,0.015882,-0.034208
593,593,43,15,50,45,34,-2.883351,7.094719,5.050053,0.167377,0.015882,-0.034208
594,594,43,14,52,44,34,-2.883351,7.094719,5.050053,0.167377,0.015882,-0.034208
595,595,43,15,50,45,34,-2.883351,7.094719,5.050053,0.167377,0.015882,-0.034208
596,596,43,15,52,43,34,-2.883351,7.094719,5.050053,0.167377,0.015882,-0.034208
597,597,43,15,50,45,34,-2.883351,7.094719,5.050053,0.167377,0.015882,-0.034208
598,598,43,15,50,45,34,-2.883351,7.094719,5.050053,0.167377,0.015882,-0.034208
599,599,43,16,50,43,34,-2.883351,7.094719,5.050053,0.167377,0.015882,-0.034208
600,600,42,13,50,44,35,-2.883351,7.094719,5.050053,0.167377,0.015882,-0.034208
601,601,43,16,62,54,37,-3.229114,7.262216,5.339584,-0.021991,-0.014661,-0.001222
602,602,41,15,62,55,36,-3.229114,7.262216,5.339584,-0.021991,-0.014661,-0.001222
603,603,40,15,59,55,36,-3.229114,7.262216,5.339584,-0.021991,-0.014661,-0.001222
604,604,41,16,59,51,37,-3.229114,7.262216,5.339584,-0.021991,-0.014661,-0.001222
605,605,40,15,60,52,35,-3.229114,7.262216,5.339584,-0.021991,-0.014661,-0.001222
606,606,41,15,59,52,35,-3.229114,7.262216,5.339584,-0.021991,-0.014661,-0.001222
607,607,40,16,59,47,34,-3.229114,7.262216,5.339584,-0.021991,-0.014661,-0.001222
608,608,40,15,57,47,32,-3.229114,7.262216,5.339584,-0.021991,-0.014661,-0.001222
609,609,40,15,56,48,37,-3.229114,7.262216,5.339584,-0.021991,-0.014661,-0.001222
610,610,38,16,52,47,33,-3.229114,7.262216,5.339584,-0.021991,-0.014661,-0.001222
611,611,39,14,40,41,31,-3.166901,7.495517,5.102695,0.025656,-0.014661,-0.008552
612,612,39,14,41,41,30,-3.166901,7.495517,5.102695,0.025656,-0.014661,-0.008552
613,613,39,13,36,41,31,-3.166901,7.495517,5.102695,0.025656,-0.014661,-0.008552
614,614,35,15,38,40,32,-3.166901,7.495517,5.102695,0.025656,-0.014661,-0.008552
615,615,36,13,39,43,31,-3.166901,7.495517,5.102695,0.025656,-0.014661,-0.008552
616,616,34,12,38,40,30,-3.166901,7.495517,5.102695,0.025656,-0.014661,-0.008552
617,617,33,14,37,41,31,-3.166901,7.495517,5.102695,0.025656,-0.014661,-0.008552
618,618,32,13,38,40,30,-3.166901,7.495517,5.102695,0.025656,-0.014661,-0.008552
619,619,32,13,39,40,30,-3.166901,7.495517,5.102695,0.025656,-0.014661,-0.008552
620,620,31,14,38,42,27,-3.166901,7.495517,5.102695,0.025656,-0.014661,-0.008552
621,621,19,12,42,41,30,-3.108277,7.643872,4.828716,0.050091,-0.054978,-0.010996
622,622,19,12,40,41,31,-3.108277,7.643872,4.828716,0.050091,-0.054978,-0.010996
623,623,18,13,41,41,31,-3.108277,7.643872,4.828716,0.050091,-0.054978,-0.010996
624,624,20,13,42,43,31,-3.108277,7.643872,4.828716,0.050091,-0.054978,-0.010996
625,625,23,11,42,43,28,-3.108277,7.643872,4.828716,0.050091,-0.054978,-0.010996
626,626,25,10,43,43,30,-3.108277,7.643872,4.828716,0.050091,-0.054978,-0.010996
627,627,26,10,44,40,26,-3.108277,7.643872,4.828716,0.050091,-0.054978,-0.010996
628,628,26,11,42,41,25,-3.108277,7.643872,4.828716,0.050091,-0.054978,-0.010996
629,629,26,9,43,40,28,-3.108277,7.643872,4.828716,0.050091,-0.054978,-0.010996
630,630,26,10,45,38,29,-3.108277,7.643872,4.828716,0.050091,-0.054978,-0.010996
631,631,24,6,40,41,25,1.869991,8.833104,3.462414,0.700052,0.31032,0.117286
632,632,23,6,41,39,26,1.869991,8.833104,3.462414,0.700052,0.31032,0.117286
633,633,24,8,39,40,25,1.869991,8.833104,3.462414,0.700052,0.31032,0.117286
634,634,23,7,42,37,25,1.869991,8.833104,3.462414,0.700052,0.31032,0.117286
635,635,24,7,41,42,24,1.869991,8.833104,3.462414,0.700052,0.31032,0.117286
636,636,23,8,41,39,25,1.869991,8.833104,3.462414,0.700052,0.31032,0.117286
637,637,23,7,42,37,25,1.869991,8.833104,3.462414,0.700052,0.31032,0.117286
638,638,22,7,40,40,21,1.869991,8.833104,3.462414,0.700052,0.31032,0.117286
639,639,23,7,39,40,25,1.869991,8.833104,3.462414,0.700052,0.31032,0.117286
640,640,25,8,41,41,27,1.869991,8.833104,3.462414,0.700052,0.31032,0.117286
641,641,27,4,45,40,26,-0.494118,9.230313,2.404787,-0.012217,0.046426,0.085521
642,642,26,4,43,43,28,-0.494118,9.230313,2.404787,-0.012217,0.046426,0.085521
643,643,27,4,46,43,25,-0.494118,9.230313,2.404787,-0.012217,0.046426,0.085521
644,644,27,6,45,41,26,-0.494118,9.230313,2.404787,-0.012217,0.046426,0.085521
645,645,25,5,42,44,26,-0.494118,9.230313,2.404787,-0.012217,0.046426,0.085521
646,646,26,6,40,43,27,-0.494118,9.230313,2.404787,-0.012217,0.046426,0.085521
647,647,26,6,43,40,26,-0.494118,9.230313,2.404787,-0.012217,0.046426,0.085521
648,648,27,5,43,43,27,-0.494118,9.230313,2.404787,-0.012217,0.046426,0.085521
649,649,27,9,40,44,28,-0.494118,9.230313,2.404787,-0.012217,0.046426,0.085521
650,650,29,9,45,41,27,-0.494118,9.230313,2.404787,-0.012217,0.046426,0.085521
651,651,25,13,29,29,68,-9.856036,3.59402,0.867398,1.378112,-1.648114,-0.31765
652,652,25,15,25,29,66,-9.856036,3.59402,0.867398,1.378112,-1.648114,-0.31765
653,653,25,14,28,28,64,-9.856036,3.59402,0.867398,1.378112,-1.648114,-0.31765
654,654,25,14,29,27,60,-9.856036,3.59402,0.867398,1.378112,-1.648114,-0.31765
655,655,26,12,28,28,62,-9.856036,3.59402,0.867398,1.378112,-1.648114,-0.31765
656,656,25,12,29,27,62,-9.856036,3.59402,0.867398,1.378112,-1.648114,-0.31765
657,657,22,15,28,28,62,-9.856036,3.59402,0.867398,1.378112,-1.648114,-0.31765
658,658,24,11,28,27,59,-9.856036,3.59402,0.867398,1.378112,-1.648114,-0.31765
659,659,25,13,27,28,61,-9.856036,3.59402,0.867398,1.378112,-1.648114,-0.31765
660,660,25,14,27,28,58,-9.856036,3.59402,0.867398,1.378112,-1.648114,-0.31765
661,661,14,16,29,31,56,-1.165305,7.454839,5.95095,-0.068417,0.175929,-0.040317
662,662,15,15,30,29,56,-1.165305,7.454839,5.95095,-0.068417,0.175929,-0.040317
663,663,16,16,30,31,56,-1.165305,7.454839,5.95095,-0.068417,0.175929,-0.040317
664,664,15,16,31,27,55,-1.165305,7.454839,5.95095,-0.068417,0.175929,-0.040317
665,665,15,16,28,31,54,-1.165305,7.454839,5.95095,-0.068417,0.175929,-0.040317
666,666,13,17,30,30,57,-1.165305,7.454839,5.95095,-0.068417,0.175929,-0.040317
667,667,15,16,31,27,54,-1.165305,7.454839,5.95095,-0.068417,0.175929,-0.040317
668,668,15,17,32,31,54,-1.165305,7.454839,5.95095,-0.068417,0.175929,-0.040317
669,669,15,15,31,29,54,-1.165305,7.454839,5.95095,-0.068417,0.175929,-0.040317
670,670,13,17,31,30,56,-1.165305,7.454839,5.95095,-0.068417,0.175929,-0.040317
671,671,7,10,33,30,87,-0.664008,8.568698,4.843073,-0.238237,0.406836,0.083078
672,672,8,8,32,29,84,-0.664008,8.568698,4.843073,-0.238237,0.406836,0.083078
673,673,9,6,32,29,83,-0.664008,8.568698,4.843073,-0.238237,0.406836,0.083078
674,674,10,7,32,29,83,-0.664008,8.568698,4.843073,-0.238237,0.406836,0.083078
675,675,10,9,34,30,77,-0.664008,8.568698,4.843073,-0.238237,0.406836,0.083078
676,676,10,8,33,29,79,-0.664008,8.568698,4.843073,-0.238237,0.406836,0.083078
677,677,10,8,32,30,73,-0.664008,8.568698,4.843073,-0.238237,0.406836,0.083078
678,678,10,8,32,29,80,-0.664008,8.568698,4.843073,-0.238237,0.406836,0.083078
679,679,8,8,32,29,80,-0.664008,8.568698,4.843073,-0.238237,0.406836,0.083078
680,680,8,7,32,28,80,-0.664008,8.568698,4.843073,-0.238237,0.406836,0.083078
681,681,13,10,32,29,92,7.42134,4.754539,5.9342,-0.425162,1.086118,0.744034
682,682,11,10,31,27,98,7.42134,4.754539,5.9342,-0.425162,1.086118,0.744034
683,683,11,11,33,30,98,7.42134,4.754539,5.9342,-0.425162,1.086118,0.744034
684,684,12,11,33,31,95,7.42134,4.754539,5.9342,-0.425162,1.086118,0.744034
685,685,11,12,31,30,96,7.42134,4.754539,5.9342,-0.425162,1.086118,0.744034
686,686,12,11,31,31,90,7.42134,4.754539,5.9342,-0.425162,1.086118,0.744034
687,687,11,11,32,32,93,7.42134,4.754539,5.9342,-0.425162,1.086118,0.744034
688,688,12,11,30,31,82,7.42134,4.754539,5.9342,-0.425162,1.086118,0.744034
689,689,11,10,31,31,79,7.42134,4.754539,5.9342,-0.425162,1.086118,0.744034
690,690,13,12,30,31,75,7.42134,4.754539,5.9342,-0.425162,1.086118,0.744034
691,691,9,2,32,31,75,0.775275,9.49472,1.948954,0.039095,-0.061087,-0.279776
692,692,11,2,33,34,74,0.775275,9.49472,1.948954,0.039095,-0.061087,-0.279776
693,693,11,2,35,31,74,0.775275,9.49472,1.948954,0.039095,-0.061087,-0.279776
694,694,12,2,32,32,74,0.775275,9.49472,1.948954,0.039095,-0.061087,-0.279776
695,695,12,2,32,32,75,0.775275,9.49472,1.948954,0.039095,-0.061087,-0.279776
696,696,12,2,34,31,69,0.775275,9.49472,1.948954,0.039095,-0.061087,-0.279776
697,697,12,1,35,31,74,0.775275,9.49472,1.948954,0.039095,-0.061087,-0.279776
698,698,12,2,32,32,74,0.775275,9.49472,1.948954,0.039095,-0.061087,-0.279776
699,699,12,2,35,31,74,0.775275,9.49472,1.948954,0.039095,-0.061087,-0.279776
700,700,12,3,30,31,74,0.775275,9.49472,1.948954,0.039095,-0.061087,-0.279776
701,701,16,0,31,32,75,2.971886,9.840484,3.287739,-0.714712,-0.412945,-0.370184
702,702,16,0,33,31,76,2.971886,9.840484,3.287739,-0.714712,-0.412945,-0.370184
703,703,16,2,34,33,73,2.971886,9.840484,3.287739,-0.714712,-0.412945,-0.370184
704,704,15,2,35,32,69,2.971886,9.840484,3.287739,-0.714712,-0.412945,-0.370184
705,705,16,2,35,34,75,2.971886,9.840484,3.287739,-0.714712,-0.412945,-0.370184
706,706,15,3,31,32,75,2.971886,9.840484,3.287739,-0.714712,-0.412945,-0.370184
707,707,15,2,35,34,76,2.971886,9.840484,3.287739,-0.714712,-0.412945,-0.370184
708,708,16,2,31,31,76,2.971886,9.840484,3.287739,-0.714712,-0.412945,-0.370184
709,709,16,1,34,31,73,2.971886,9.840484,3.287739,-0.714712,-0.412945,-0.370184
710,710,16,2,37,31,76,2.971886,9.840484,3.287739,-0.714712,-0.412945,-0.370184
711,711,16,1,34,34,75,-0.630509,7.958529,5.429315,-0.101404,-0.111177,-0.090408
712,712,15,1,35,32,75,-0.630509,7.958529,5.429315,-0.101404,-0.111177,-0.090408
713,713,13,1,36,32,69,-0.630509,7.958529,5.429315,-0.101404,-0.111177,-0.090408
714,714,16,2,31,31,74,-0.630509,7.958529,5.429315,-0.101404,-0.111177,-0.090408
715,715,13,1,35,32,74,-0.630509,7.958529,5.429315,-0.101404,-0.111177,-0.090408
716,716,16,1,34,31,74,-0.630509,7.958529,5.429315,-0.101404,-0.111177,-0.090408
717,717,16,0,33,31,75,-0.630509,7.958529,5.429315,-0.101404,-0.111177,-0.090408
718,718,16,0,35,32,75,-0.630509,7.958529,5.429315,-0.101404,-0.111177,-0.090408
719,719,16,1,35,31,68,-0.630509,7.958529,5.429315,-0.101404,-0.111177,-0.090408
720,720,16,0,34,32,73,-0.630509,7.958529,5.429315,-0.101404,-0.111177,-0.090408
721,721,19,0,34,28,69,3.962514,8.397612,1.166501,-0.040317,-0.128282,0.439823
722,722,19,1,31,29,68,3.962514,8.397612,1.166501,-0.040317,-0.128282,0.439823
723,723,20,1,36,30,67,3.962514,8.397612,1.166501,-0.040317,-0.128282,0.439823
724,724,19,1,36,29,71,3.962514,8.397612,1.166501,-0.040317,-0.128282,0.439823
725,725,19,1,34,32,68,3.962514,8.397612,1.166501,-0.040317,-0.128282,0.439823
726,726,19,1,34,32,70,3.962514,8.397612,1.166501,-0.040317,-0.128282,0.439823
727,727,19,2,35,29,71,3.962514,8.397612,1.166501,-0.040317,-0.128282,0.439823
728,728,20,1,33,30,68,3.962514,8.397612,1.166501,-0.040317,-0.128282,0.439823
729,729,17,0,35,29,65,3.962514,8.397612,1.166501,-0.040317,-0.128282,0.439823
730,730,18,2,31,30,73,3.962514,8.397612,1.166501,-0.040317,-0.128282,0.439823
731,731,18,2,34,34,71,-0.758525,8.28156,4.986642,-0.0562,-0.018326,-0.047647
732,732,17,2,36,30,74,-0.758525,8.28156,4.986642,-0.0562,-0.018326,-0.047647
733,733,18,2,35,32,71,-0.758525,8.28156,4.986642,-0.0562,-0.018326,-0.047647
734,734,15,3,33,32,74,-0.758525,8.28156,4.986642,-0.0562,-0.018326,-0.047647
735,735,17,1,35,34,74,-0.758525,8.28156,4.986642,-0.0562,-0.018326,-0.047647
736,736,17,2,34,31,74,-0.758525,8.28156,4.986642,-0.0562,-0.018326,-0.047647
737,737,16,2,34,32,74,-0.758525,8.28156,4.986642,-0.0562,-0.018326,-0.047647
738,738,15,3,31,32,77,-0.758525,8.28156,4.986642,-0.0562,-0.018326,-0.047647
739,739,16,2,34,34,74,-0.758525,8.28156,4.986642,-0.0562,-0.018326,-0.047647
740,740,13,2,32,33,75,-0.758525,8.28156,4.986642,-0.0562,-0.018326,-0.047647
741,741,16,6,33,31,69,1.166501,9.284152,2.979064,-0.081856,0.116064,0.041539
742,742,16,5,35,33,74,1.166501,9.284152,2.979064,-0.081856,0.116064,0.041539
743,743,16,7,35,32,74,1.166501,9.284152,2.979064,-0.081856,0.116064,0.041539
744,744,16,6,33,33,75,1.166501,9.284152,2.979064,-0.081856,0.116064,0.041539
745,745,16,5,35,32,72,1.166501,9.284152,2.979064,-0.081856,0.116064,0.041539
746,746,14,5,35,32,72,1.166501,9.284152,2.979064,-0.081856,0.116064,0.041539
747,747,13,4,34,33,68,1.166501,9.284152,2.979064,-0.081856,0.116064,0.041539
748,748,15,6,34,31,75,1.166501,9.284152,2.979064,-0.081856,0.116064,0.041539
749,749,16,6,35,34,72,1.166501,9.284152,2.979064,-0.081856,0.116064,0.041539
750,750,16,6,33,34,68,1.166501,9.284152,2.979064,-0.081856,0.116064,0.041539
751,751,13,8,32,31,73,-0.07657,7.051649,6.911668,0.006109,-0.064752,-0.037874
